-- phpMyAdmin SQL Dump
-- version 5.0.4deb2+deb11u1
-- https://www.phpmyadmin.net/
--
-- Hôte : 172.16.1.2
-- Généré le : lun. 27 mars 2023 à 11:54
-- Version du serveur :  10.3.29-MariaDB-0+deb10u1
-- Version de PHP : 7.4.33

SET SQL_MODE = "NO_AUTO_VALUE_ON_ZERO";
START TRANSACTION;
SET time_zone = "+00:00";


/*!40101 SET @OLD_CHARACTER_SET_CLIENT=@@CHARACTER_SET_CLIENT */;
/*!40101 SET @OLD_CHARACTER_SET_RESULTS=@@CHARACTER_SET_RESULTS */;
/*!40101 SET @OLD_COLLATION_CONNECTION=@@COLLATION_CONNECTION */;
/*!40101 SET NAMES utf8mb4 */;

--
-- Base de données : `etu_icissokho`
--

-- --------------------------------------------------------

--
-- Structure de la table `Author`
--

CREATE TABLE `Author` (
  `id_author` int(11) NOT NULL,
  `name` varchar(255) COLLATE utf8mb4_unicode_ci NOT NULL
) ENGINE=InnoDB DEFAULT CHARSET=utf8mb4 COLLATE=utf8mb4_unicode_ci;

--
-- Déchargement des données de la table `Author`
--

INSERT INTO `Author` (`id_author`, `name`) VALUES
(0, 'Victor Hugo'),
(1, 'Adrien Goetz'),
(2, 'Emile Zola'),
(3, 'Zola, Emile'),
(4, 'By Label AA-Prod/Edits (Artmusiclitte) 2015'),
(5, 'Zola Emile'),
(7, 'Agatha Christie'),
(8, 'Albert Camus'),
(9, 'Jacques Ferrandez'),
(10, 'René Char'),
(11, 'Eve Celia Morisi'),
(12, 'Charles Dickens'),
(13, 'Dominique Barbéris'),
(14, 'Andre Gide'),
(15, 'Claude Mahias'),
(16, 'ANDRE. GIDE'),
(17, 'Jean Cocteau'),
(18, 'Marcel Pagnol'),
(19, 'Raymond Castans'),
(20, 'Carl Gustav Jung'),
(21, 'Roland Cahen'),
(22, 'Carl G. Jung'),
(23, 'J.K. Rowling'),
(24, 'John Tiffany'),
(25, 'Joanne K. Rowling'),
(26, 'Jack Thorne'),
(27, 'J. K. Rowling'),
(28, 'Warner Bros'),
(29, 'Stephen King'),
(30, 'Frank Herbert'),
(31, 'George Orwell'),
(32, 'Mériam Korichi'),
(33, 'J.R.R. Tolkien'),
(34, 'J. R. R. Tolkien'),
(35, 'J. R. R. TOLKIEN'),
(36, 'Thomas Day'),
(37, 'Xavier Mauméjean'),
(38, 'Michael SWANWICK'),
(39, 'John Ronald Reuel Tolkien'),
(40, 'JULIO VERNE'),
(41, 'Piero Gondolo della Riva'),
(42, 'Jules Verne'),
(43, 'Isabelle de Lisle'),
(44, 'Marcel Proust'),
(45, 'Proust, Marcel'),
(46, 'Guy de Maupassant'),
(47, 'Josée Bonneville'),
(48, 'Guillaume Musso'),
(49, 'Kentarō Miura'),
(50, 'Kentaro Miura'),
(51, 'Studio Gaga'),
(52, 'Stephen Hultgren'),
(53, 'Stephen Spender'),
(54, 'Stephen Simon Kimondo'),
(55, 'Stephen Marlowe'),
(56, 'Stephen Arterburn'),
(57, 'CSB Bibles by Holman'),
(58, 'J. Stephen Lansing'),
(59, 'Stephen W. Need'),
(60, 'Stephen Michael Shearer'),
(61, 'Stephen A. Black'),
(62, 'Stephen Fox'),
(63, 'Stephen Tapert'),
(64, 'Stephen D. Edington'),
(65, 'Stephen Smith'),
(66, 'Stephen R. George'),
(67, 'Stephen P. Gordon'),
(68, 'Stephen Clay Balliet'),
(69, 'Stephen G. Dempster'),
(70, 'Emily Chubbuck Judson'),
(71, 'Pete Daniel'),
(72, 'Pete Wilson'),
(73, 'Pete Atkinson'),
(74, 'Michael C. Desch'),
(75, 'Michael Olinick'),
(76, 'W. Michael Gear'),
(77, 'Kenneth Michael Absher'),
(78, 'Michael Charles Desch'),
(79, 'Roman Popadiuk'),
(80, 'Michael Desch'),
(81, 'Michael J. Brown'),
(82, 'Sahni Birbal'),
(83, 'Birbal Sahni Institute of Palaeobotany'),
(84, 'Divya Darshan Pant'),
(85, 'J. S. Guleria'),
(86, 'James F. Brennan'),
(87, 'James Phillip McAuley'),
(88, 'James F. Simon'),
(89, 'Indiana. Supreme Court'),
(90, 'Horace E. Carter'),
(91, 'Albert Gallatin Porter'),
(92, 'Gordon Tanner'),
(93, 'Benjamin Harrison'),
(94, 'Michael Crawford Kerr'),
(95, 'James Buckley Black'),
(96, 'Augustus Newton Martin'),
(97, 'Francis Marion Dice'),
(98, 'John Worth Kern'),
(99, 'John Lewis Griffiths'),
(100, 'Sidney Romelee Moon'),
(101, 'Charles Frederick Remy'),
(102, 'James E. DeVoe'),
(103, 'James Monaco'),
(104, 'James A. Brennan'),
(105, 'Thomas Mooney Davis'),
(106, 'Stephen Law'),
(107, 'Stephen C. Hutchins'),
(108, 'Stephen Wiacek'),
(109, 'DK'),
(110, 'Stan Lee'),
(111, 'Adam Bray'),
(112, 'Stephen Martin Leake'),
(113, 'Stephen W. Sears'),
(114, 'Stephen Farnum Peckham'),
(115, 'Kevin Murray'),
(116, 'Kevin J. Cooney'),
(117, 'Kevin Cooney'),
(118, 'Kevin Schmiesing'),
(119, 'Kevin N. Daniel'),
(120, 'Taft, Kevin'),
(121, 'Lon Kurashige'),
(122, 'Alice Yang'),
(123, 'Lon Y. Kurashige'),
(124, 'Lon Yuki Kurashige'),
(125, 'Yasuko Takezawa'),
(126, 'Gary Y. Okihiro'),
(127, 'Edgar Allan Poe'),
(128, 'Michel Zéraffa'),
(129, 'Harold Beaver'),
(130, 'Gad Freudenthal'),
(131, 'Judah (ha-Levi)'),
(132, 'Charles Touati'),
(133, 'Levi ben Gershon'),
(134, 'David Louapre'),
(135, 'Julian Mischi'),
(136, 'Claire Lombardo'),
(137, 'Noël Diamant-Berger'),
(138, 'José Salmeron'),
(139, 'Philippe Jouanny'),
(140, 'Aurélie Plotton'),
(141, 'Mireille Perrin'),
(142, 'Claire Pierrart'),
(143, 'Claire Arnot'),
(144, 'Florent A. Meyer'),
(145, 'Quentin Meillassoux'),
(146, 'Isaac Asimov'),
(147, 'Francis Berguin'),
(148, 'Mauritius'),
(149, 'Francis Taylor Piggott'),
(150, 'Louis Arthur Thibaud'),
(151, 'North Dakota. Supreme Court'),
(152, 'Hiram A. Libby'),
(153, 'Robert Milligan Carothers'),
(154, 'Robert Dimon Hoskins'),
(155, 'Edgar Whittlesey Camp'),
(156, 'John McDowell Cochrane'),
(157, 'Ames Francis Wilbur'),
(158, 'Joseph Coghlan'),
(159, 'Edwin James Taylor'),
(160, 'Annette Tamarkin'),
(161, 'Jean-Jacques Rousseau'),
(162, 'Jean-jacques Rousseau'),
(163, 'Michael Wu'),
(164, 'R. A. Leigh'),
(165, 'Frédéric Eigeldinger'),
(166, 'Société Jean-Jacques Rousseau'),
(167, 'Catherine Clément'),
(168, 'Catherine Clement'),
(169, 'Ryo Azumi'),
(170, 'Ryō Azumi'),
(171, 'Kozumi Shinozawa'),
(172, 'Richard Wagner'),
(173, 'James Redfield'),
(174, 'James M. Redfield'),
(175, 'Carol Adrienne'),
(176, 'Willerval'),
(177, 'Joseph Garnotel'),
(178, 'Sian Lewis'),
(179, 'Guan-Sian Li'),
(180, 'Sian Reynolds'),
(181, 'Kian Guan Lim'),
(182, 'Peggy Avez'),
(183, 'Peggy Raffy-Hideux'),
(184, 'Peggy Webb'),
(185, 'Liz Flaherty'),
(186, 'Peggy MIGNOT-PAILLET'),
(187, 'Peggy Moreland'),
(188, 'Allison Leigh'),
(189, 'Walter Isaacson'),
(190, 'Jean La Fontaine'),
(191, 'Jean de La Fontaine'),
(192, 'Lúcia Tulchinski'),
(193, 'Salmo Dansa'),
(194, 'Jean-Jacques Lévêque'),
(195, 'Michel Houellebecq'),
(196, 'Pierre Corneille'),
(197, 'Oscar Wilde'),
(198, 'Merlin Holland');

-- --------------------------------------------------------

--
-- Structure de la table `belongs`
--

CREATE TABLE `belongs` (
  `id_book` int(11) NOT NULL,
  `id_category` int(11) NOT NULL
) ENGINE=InnoDB DEFAULT CHARSET=utf8mb4 COLLATE=utf8mb4_unicode_ci;

--
-- Déchargement des données de la table `belongs`
--

INSERT INTO `belongs` (`id_book`, `id_category`) VALUES
(5, 1),
(6, 1),
(9, 1),
(10, 1),
(11, 1),
(12, 1),
(13, 1),
(14, 1),
(15, 1),
(16, 1),
(17, 1),
(18, 1),
(23, 2),
(24, 2),
(25, 2),
(26, 2),
(27, 2),
(28, 2),
(29, 3),
(30, 3),
(31, 3),
(32, 3),
(33, 3),
(34, 1),
(35, 1),
(36, 1),
(37, 1),
(38, 1),
(52, 1),
(53, 1),
(54, 1),
(55, 1),
(56, 1),
(57, 1),
(58, 1),
(59, 1),
(60, 1),
(61, 1),
(62, 1),
(63, 1),
(64, 4),
(65, 4),
(66, 4),
(67, 4),
(68, 4),
(69, 4),
(70, 4),
(71, 2),
(72, 2),
(73, 2),
(74, 2),
(75, 1),
(76, 1),
(77, 1),
(83, 5),
(84, 5),
(85, 5),
(86, 5),
(87, 5),
(88, 5),
(89, 6),
(90, 6),
(91, 6),
(92, 6),
(93, 6),
(94, 6),
(95, 6),
(96, 1),
(97, 1),
(98, 1),
(99, 1),
(100, 1),
(101, 1),
(102, 1),
(105, 7),
(106, 7),
(107, 7),
(108, 7),
(109, 7),
(110, 7),
(111, 7),
(112, 8),
(113, 8),
(114, 8),
(115, 8),
(116, 8),
(117, 8),
(118, 8),
(119, 9),
(120, 9),
(121, 9),
(122, 10),
(123, 10),
(124, 10),
(125, 10),
(126, 10),
(127, 10),
(128, 10),
(129, 1),
(130, 1),
(131, 1),
(132, 1),
(133, 1),
(134, 1),
(135, 1),
(136, 8),
(137, 8),
(138, 8),
(139, 8),
(140, 8),
(141, 8),
(142, 8),
(143, 8),
(144, 8),
(145, 8),
(146, 8),
(147, 8),
(148, 1),
(149, 1),
(150, 1),
(151, 1),
(152, 1),
(153, 1),
(154, 11),
(155, 9),
(156, 9),
(157, 1),
(158, 1),
(159, 1),
(160, 1),
(161, 1),
(163, 12),
(164, 12),
(165, 12),
(166, 13),
(167, 13),
(168, 13),
(169, 13),
(176, 14),
(177, 14),
(178, 14),
(179, 14),
(180, 14),
(186, 1),
(187, 1),
(191, 15),
(192, 3),
(193, 3),
(194, 3),
(195, 6),
(196, 6),
(197, 6),
(198, 6),
(199, 6),
(200, 6),
(201, 6),
(202, 12),
(203, 12),
(204, 12),
(205, 12),
(206, 1),
(207, 1),
(208, 1),
(209, 1),
(210, 1),
(211, 1),
(219, 16),
(220, 16),
(221, 16),
(222, 16),
(223, 16),
(224, 16),
(225, 16);

-- --------------------------------------------------------

--
-- Structure de la table `BiblioUser`
--

CREATE TABLE `BiblioUser` (
  `id_user` int(11) NOT NULL,
  `surname` varchar(255) COLLATE utf8mb4_unicode_ci NOT NULL,
  `name` varchar(255) COLLATE utf8mb4_unicode_ci DEFAULT NULL,
  `password` varchar(255) COLLATE utf8mb4_unicode_ci NOT NULL,
  `p_picture` varchar(255) COLLATE utf8mb4_unicode_ci DEFAULT NULL
) ENGINE=InnoDB DEFAULT CHARSET=utf8mb4 COLLATE=utf8mb4_unicode_ci;

--
-- Déchargement des données de la table `BiblioUser`
--

INSERT INTO `BiblioUser` (`id_user`, `surname`, `name`, `password`, `p_picture`) VALUES
(0, 'Dylan', 'Terry', 'z9-773732K', 'https://randomuser.me/api/portraits/med/women/8.jpg'),
(1, 'Lisa', 'Moreno', 'I3-8998063N', 'https://randomuser.me/api/portraits/med/women/48.jpg'),
(2, 'Jennifer', 'Thomas', 'g9-1602151l', 'https://randomuser.me/api/portraits/med/women/54.jpg'),
(3, 'Taylor', 'Jenkins', 'g9-0692978G', 'https://randomuser.me/api/portraits/med/men/19.jpg'),
(4, 'Susan', 'West', 'l5-7695604p', 'https://randomuser.me/api/portraits/med/men/19.jpg'),
(5, 'Benjamin', 'Perez', 'l3-3635102H', 'https://randomuser.me/api/portraits/med/men/85.jpg'),
(6, 'Shane', 'English', 'F9-801722H', 'https://randomuser.me/api/portraits/med/women/57.jpg'),
(7, 'Robert', 'Todd', 'R3-0679021S', 'https://randomuser.me/api/portraits/med/women/25.jpg'),
(8, 'Rebecca', 'Odom', 'E7-5053839D', 'https://randomuser.me/api/portraits/med/men/84.jpg'),
(9, 'Melissa', 'Jackson', 'Q9-2312464Q', 'https://randomuser.me/api/portraits/med/men/94.jpg'),
(10, 'Ashley', 'Parker', 'f0-6711220i', 'https://randomuser.me/api/portraits/med/men/64.jpg'),
(11, 'Kelly', 'Ibarra', 'n1-8425802x', 'https://randomuser.me/api/portraits/med/women/10.jpg'),
(12, 'Christopher', 'White', 'e4-6206513t', 'https://randomuser.me/api/portraits/med/women/77.jpg'),
(13, 'Sara', 'Carrillo', 'W2-6441331I', 'https://randomuser.me/api/portraits/med/women/79.jpg'),
(14, 'Alexander', 'Avila', 't5-1535701z', 'https://randomuser.me/api/portraits/med/men/48.jpg'),
(15, 'Derek', 'Hall', 'j3-8772866N', 'https://randomuser.me/api/portraits/med/women/12.jpg'),
(16, 'Shawn', 'Horton', 'z7-6445891r', 'https://randomuser.me/api/portraits/med/men/38.jpg'),
(17, 'Ryan', 'Hammond', 'k9-7202437q', 'https://randomuser.me/api/portraits/med/women/36.jpg'),
(18, 'Michael', 'Robinson', 'w7-2976810I', 'https://randomuser.me/api/portraits/med/women/41.jpg'),
(19, 'Adam', 'Gregory', 'Z0-578477V', 'https://randomuser.me/api/portraits/med/men/21.jpg'),
(20, 'Beth', 'Wright', 'B5-3607311R', 'https://randomuser.me/api/portraits/med/men/6.jpg'),
(21, 'Erica', 'Miller', 'G7-1898761O', 'https://randomuser.me/api/portraits/med/women/40.jpg'),
(22, 'Brenda', 'Montgomery', 'Q1-6348449K', 'https://randomuser.me/api/portraits/med/men/55.jpg'),
(23, 'Kayla', 'Rivera', 'O5-067782I', 'https://randomuser.me/api/portraits/med/men/20.jpg'),
(24, 'Autumn', 'Gray', 'd2-6957241Q', 'https://randomuser.me/api/portraits/med/men/94.jpg'),
(25, 'Hannah', 'Haas', 'T3-8868436E', 'https://randomuser.me/api/portraits/med/men/59.jpg'),
(26, 'Mary', 'Morris', 'V1-6514432q', 'https://randomuser.me/api/portraits/med/women/87.jpg'),
(27, 'Megan', 'Meyer', 'q5-173705Z', 'https://randomuser.me/api/portraits/med/men/38.jpg'),
(28, 'Jessica', 'Matthews', 'U1-3328790i', 'https://randomuser.me/api/portraits/med/women/6.jpg'),
(29, 'Jordan', 'Garrett', 'j9-5392938S', 'https://randomuser.me/api/portraits/med/women/10.jpg'),
(30, 'Tiffany', 'Smith', 'y1-9739818s', 'https://randomuser.me/api/portraits/med/men/52.jpg'),
(31, 'Felicia', 'Garcia', 'W3-0034041L', 'https://randomuser.me/api/portraits/med/men/64.jpg'),
(32, 'Joshua', 'Chandler', 'q0-2097425H', 'https://randomuser.me/api/portraits/med/women/11.jpg'),
(33, 'Donald', 'French', 'A3-9947729W', 'https://randomuser.me/api/portraits/med/women/83.jpg'),
(34, 'Claudia', 'Cline', 'H6-5242766m', 'https://randomuser.me/api/portraits/med/men/97.jpg'),
(35, 'Shannon', 'Davis', 'B3-0705g', 'https://randomuser.me/api/portraits/med/women/38.jpg'),
(36, 'Donald', 'Ramos', 'c2-2198522h', 'https://randomuser.me/api/portraits/med/men/96.jpg'),
(37, 'William', 'Glover', 't9-7333485O', 'https://randomuser.me/api/portraits/med/women/86.jpg'),
(38, 'Rodney', 'Cole', 'a4-0248047z', 'https://randomuser.me/api/portraits/med/women/33.jpg'),
(39, 'Jessica', 'Cline', 'z3-5465487u', 'https://randomuser.me/api/portraits/med/women/75.jpg'),
(40, 'Mr.', 'Brian', 'G7-1326740R', 'https://randomuser.me/api/portraits/med/men/3.jpg'),
(41, 'Justin', 'Smith', 'R6-5377011m', 'https://randomuser.me/api/portraits/med/men/4.jpg'),
(42, 'Douglas', 'Evans', 'u9-709490q', 'https://randomuser.me/api/portraits/med/women/42.jpg'),
(43, 'Anna', 'Spencer', 'M5-2253988J', 'https://randomuser.me/api/portraits/med/women/68.jpg'),
(44, 'Crystal', 'Grimes', 'd8-1648809j', 'https://randomuser.me/api/portraits/med/men/42.jpg'),
(45, 'Jennifer', 'Brown', 'D6-1773103Z', 'https://randomuser.me/api/portraits/med/men/15.jpg'),
(46, 'Mackenzie', 'Kelly', 'v0-0003782Y', 'https://randomuser.me/api/portraits/med/men/39.jpg'),
(47, 'Lori', 'Shelton', 'B7-407570P', 'https://randomuser.me/api/portraits/med/women/64.jpg'),
(48, 'Catherine', 'Mullen', 'r9-0679360g', 'https://randomuser.me/api/portraits/med/women/63.jpg'),
(49, 'Chad', 'Ramirez', 'Q0-094283q', 'https://randomuser.me/api/portraits/med/women/21.jpg'),
(50, 'Tara', 'Johnston', 'q0-4591090E', 'https://randomuser.me/api/portraits/med/women/28.jpg'),
(51, 'Claire', 'Rodriguez', 'B4-5553002X', 'https://randomuser.me/api/portraits/med/men/84.jpg'),
(52, 'Tamara', 'Walter', 'k4-5357425a', 'https://randomuser.me/api/portraits/med/women/50.jpg'),
(53, 'Peter', 'Wright', 'e3-5152019v', 'https://randomuser.me/api/portraits/med/women/82.jpg'),
(54, 'Angela', 'Martin', 'a7-5549309o', 'https://randomuser.me/api/portraits/med/women/67.jpg'),
(55, 'Mia', 'Frederick', 'N5-7361403L', 'https://randomuser.me/api/portraits/med/women/28.jpg'),
(56, 'Michelle', 'West', 'z8-4245926T', 'https://randomuser.me/api/portraits/med/women/6.jpg'),
(57, 'Raymond', 'Brown', 'N4-2176189z', 'https://randomuser.me/api/portraits/med/men/46.jpg'),
(58, 'Darryl', 'Allen', 'Q4-1814101D', 'https://randomuser.me/api/portraits/med/men/6.jpg'),
(59, 'George', 'Harris', 'f7-5382158W', 'https://randomuser.me/api/portraits/med/men/89.jpg'),
(60, 'Carrie', 'Nelson', 'H9-7017187f', 'https://randomuser.me/api/portraits/med/women/54.jpg'),
(61, 'Ashley', 'Riddle', 'W9-0307319F', 'https://randomuser.me/api/portraits/med/men/7.jpg'),
(62, 'Laurie', 'Nelson', 'x4-21665w', 'https://randomuser.me/api/portraits/med/women/43.jpg'),
(63, 'Phyllis', 'Gomez', 'Q7-6539252W', 'https://randomuser.me/api/portraits/med/women/32.jpg'),
(64, 'Kevin', 'Torres', 'R2-3221015B', 'https://randomuser.me/api/portraits/med/men/79.jpg'),
(65, 'Mrs.', 'Jill', 'Y1-0522236g', 'https://randomuser.me/api/portraits/med/men/26.jpg'),
(66, 'Cynthia', 'Underwood', 'd2-773110T', 'https://randomuser.me/api/portraits/med/men/74.jpg'),
(67, 'Anna', 'Jennings', 'a5-6902255z', 'https://randomuser.me/api/portraits/med/women/50.jpg'),
(68, 'Kevin', 'Jones', 'K5-9841646c', 'https://randomuser.me/api/portraits/med/women/63.jpg'),
(69, 'Thomas', 'Calhoun', 'g1-6509653g', 'https://randomuser.me/api/portraits/med/women/92.jpg'),
(70, 'Julia', 'Wright', 'W6-0539199s', 'https://randomuser.me/api/portraits/med/men/98.jpg'),
(71, 'Sheila', 'Mitchell', 'n0-3964655e', 'https://randomuser.me/api/portraits/med/women/23.jpg'),
(72, 'Audrey', 'Brock', 'S7-6182688U', 'https://randomuser.me/api/portraits/med/women/93.jpg'),
(73, 'Joseph', 'Mckenzie', 'W1-4306849r', 'https://randomuser.me/api/portraits/med/men/80.jpg'),
(74, 'Cheryl', 'Carter', 'F2-9555495o', 'https://randomuser.me/api/portraits/med/men/97.jpg'),
(75, 'Travis', 'Brown', 'A2-9786421G', 'https://randomuser.me/api/portraits/med/men/46.jpg'),
(76, 'Kevin', 'Williams', 'v6-0239059V', 'https://randomuser.me/api/portraits/med/women/17.jpg'),
(77, 'James', 'Boyd', 'X6-4144614O', 'https://randomuser.me/api/portraits/med/women/45.jpg'),
(78, 'Sergio', 'Everett', 'k8-6541850Q', 'https://randomuser.me/api/portraits/med/women/39.jpg'),
(79, 'Roberta', 'Parker', 'L5-335239B', 'https://randomuser.me/api/portraits/med/men/72.jpg'),
(80, 'Billy', 'Thomas', 'P9-8139440v', 'https://randomuser.me/api/portraits/med/men/47.jpg'),
(81, 'Carol', 'Harrison', 'k3-106948l', 'https://randomuser.me/api/portraits/med/men/96.jpg'),
(82, 'Shelby', 'Santiago', 'U6-1902324Q', 'https://randomuser.me/api/portraits/med/women/58.jpg'),
(83, 'Brittany', 'Espinoza', 's6-0703036e', 'https://randomuser.me/api/portraits/med/women/44.jpg'),
(84, 'Lance', 'Logan', 'k6-3577638c', 'https://randomuser.me/api/portraits/med/men/16.jpg'),
(85, 'Chelsea', 'Scott', 's1-6415803n', 'https://randomuser.me/api/portraits/med/men/43.jpg'),
(86, 'Brandon', 'Anthony', 'b5-5532259B', 'https://randomuser.me/api/portraits/med/men/35.jpg'),
(87, 'Richard', 'Gonzales', 'X2-0707686f', 'https://randomuser.me/api/portraits/med/women/80.jpg'),
(88, 'Dawn', 'Bird', 'D4-421446i', 'https://randomuser.me/api/portraits/med/women/2.jpg'),
(89, 'Judith', 'Moore', 'D3-0509763f', 'https://randomuser.me/api/portraits/med/women/22.jpg'),
(90, 'Stephanie', 'Grimes', 'o3-5137008X', 'https://randomuser.me/api/portraits/med/women/25.jpg'),
(91, 'Mrs.', 'Diane', 'A8-3071911Q', 'https://randomuser.me/api/portraits/med/men/71.jpg'),
(92, 'Patrick', 'Long', 'j3-2982722I', 'https://randomuser.me/api/portraits/med/women/4.jpg'),
(93, 'Sara', 'Spencer', 'U6-0477661B', 'https://randomuser.me/api/portraits/med/men/68.jpg'),
(94, 'Brandon', 'Miller', 'u1-0904294Z', 'https://randomuser.me/api/portraits/med/women/8.jpg'),
(95, 'Lisa', 'Moore', 'M3-3844758s', 'https://randomuser.me/api/portraits/med/women/86.jpg'),
(96, 'William', 'Terrell', 'u9-4417355k', 'https://randomuser.me/api/portraits/med/women/84.jpg'),
(97, 'Jennifer', 'Harvey', 'c8-1439232W', 'https://randomuser.me/api/portraits/med/women/59.jpg'),
(98, 'Theodore', 'Bray', 'f2-768200l', 'https://randomuser.me/api/portraits/med/women/84.jpg'),
(99, 'Hannah', 'Griffin', 'V1-4655993f', 'https://randomuser.me/api/portraits/med/women/40.jpg');

-- --------------------------------------------------------

--
-- Structure de la table `Book`
--

CREATE TABLE `Book` (
  `id_book` int(11) NOT NULL,
  `title` varchar(255) COLLATE utf8mb4_unicode_ci NOT NULL,
  `cover` varchar(255) COLLATE utf8mb4_unicode_ci NOT NULL,
  `description` varchar(1000) COLLATE utf8mb4_unicode_ci DEFAULT NULL,
  `number_of_pages` int(11) DEFAULT NULL,
  `acquiring_date` date NOT NULL,
  `id_year` int(11) DEFAULT NULL,
  `id_editor` int(11) DEFAULT NULL,
  `id_language` int(11) NOT NULL
) ENGINE=InnoDB DEFAULT CHARSET=utf8mb4 COLLATE=utf8mb4_unicode_ci;

--
-- Déchargement des données de la table `Book`
--

INSERT INTO `Book` (`id_book`, `title`, `cover`, `description`, `number_of_pages`, `acquiring_date`, `id_year`, `id_editor`, `id_language`) VALUES
(0, 'Notre-Dame de Paris', 'http://books.google.com/books/content?id=UxyoPwAACAAJ&printsec=frontcover&img=1&zoom=5&source=gbs_api', 'Il était là, grave, immobile, absorbé dans un regard et dans une pensée. Tout Paris était sous ses pieds, avec les mille flèches de ses édifices et son circulaire horizon de molles collines, avec son fleuve qui serpente sous ses ponts et son peuple qui ondule dans ses rues, avec le nuage de ses fumées, avec la chaîne montueuse de ses toits qui presse Notre-Dame de ses mailles redoublées. Mais dans toute cette ville, l\'archidiacre ne regardait qu\'un point du pavé: la place du Parvis; clans toute cette foule, qu\'une figure: la bohémienne. Il eût été difficile de dire de quelle nature était ce regard, et d\'où venait la flamme qui en jaillissait. C\'était un regard fixe, et pourtant plein de trouble et de tumulte. Et à l\'immobilité profonde de tout son corps, à peine agité par intervalles d\'un frisson machinal, connue un arbre air vent, à la roideur de ses coudes plus marbre que la rampe où ils s\'appuyaient, à voir le sourire pétrifié qui contractait son visage, on eût dit qu\'il n\'y av ...', 953, '2003-04-16', 2, 2, 0),
(1, 'Quatrevingt-treize', 'http://books.google.com/books/content?id=KbqctAEACAAJ&printsec=frontcover&img=1&zoom=5&source=gbs_api', 'Dans a Vendée de 1793, trois personnages s\'affrontent : l\'aristocrate Lantenac, fidèle à son passé, son petit-neveu Gauvain, tourné vers l\'avenir généreux de la République, et le conventionnel Cimourdain, plus durement soucieux des exigences présentes de la Révolution et de la Terreur. Dans cette épopée où le romancier mêle la fiction de l\'intrigue et la réalité de l\'Histoire - Danton, Robespierre et Marat sont au centre du livre -, chacun des trois héros se trouve ainsi guidé par une certaine idée du devoir et de l\'honneur. Et chacun sera conduit à une forme d\'héroïsme qui n\'écarte pas la mort. L\'écrivain se refuse donc à trancher, et Quatrevingt-Treize n\'est pas un roman à thèse : \" Je ne veux ni du crime rouge ni du crime blanc. \" Mais la violence où s\'achevait l\'Ancien Régime était certainement un mal nécessaire, et ce qui s\'affirme dans ce livre qui paraît en 1874 et sera le dernier roman de Hugo, c\'est une vision de l\'Histoire qui garde trace, sans doute, de la Commune récen ...', 575, '2015-10-03', 3, 3, 0),
(2, 'L\'homme qui rit', 'http://books.google.com/books/content?id=CIORAAAAIAAJ&printsec=frontcover&img=1&zoom=5&source=gbs_api', 'Publié en 1869, ce dernier roman du poète a pour décor l\'Angleterre du début du XVIIIe siècle. D\'une veine sociale aussi prononcée que \"Les misérables\", il demeure vraiment \"brutalisé\" par une intrigue violente où l\'antithèse chère à l\'auteur est mise au service de son idéologie. Passionné et passionnant, ce récit vaut le détour car même s\'il n\'est pas la meilleure des oeuvres romanesques d\'Hugo, il en est la plus typique. ...', 902, '2000-11-16', 4, 0, 0),
(3, 'La légende des siècles', 'http://books.google.com/books/content?id=DtdcAAAAMAAJ&printsec=frontcover&img=1&zoom=5&source=gbs_api', 'Cette œuvre regroupe des poèmes de Victor Hugo. ...', 1098, '2014-10-29', 4, 0, 0),
(4, 'Notre-Dame de Paris', 'http://books.google.com/books/content?id=-FVMwYkMa88C&printsec=frontcover&img=1&zoom=5&edge=curl&source=gbs_api', 'd ...', 527, '2002-02-16', 5, 4, 1),
(5, 'Germinal', 'http://books.google.com/books/content?id=OLOEEsbsfEsC&printsec=frontcover&img=1&zoom=5&source=gbs_api', 'The thirteenth novel in Émile Zola’s great Rougon-Macquart sequence, Germinal expresses outrage at the exploitation of the many by the few, but also shows humanity’s capacity for compassion and hope. Etienne Lantier, an unemployed railway worker, is a clever but uneducated young man with a dangerous temper. Forced to take a back-breaking job at Le Voreux mine when he cannot get other work, he discovers that his fellow miners are ill, hungry, and in debt, unable to feed and clothe their families. When conditions in the mining community deteriorate even further, Lantier finds himself leading a strike that could mean starvation or salvation for all. New translation Includes introduction, suggestions for further reading, filmography, chronology, explanatory notes, and glossary ...', 596, '2022-09-30', 6, 5, 2),
(6, 'Emile Zola : Oeuvres complètes – suivi d\'annexes (annotées, illustrées)', 'http://books.google.com/books/content?id=lWmNDwAAQBAJ&printsec=frontcover&img=1&zoom=5&edge=curl&source=gbs_api', 'Nouvelle édition 2019 enrichie de centaines de notes explicatives, d\'introductions, de notices, d\'annexes biographiques et critiques, de gravures originales, qui en font à ce jour l\'ouvrage le plus complet des oeuvres d\'Emile Zola. Vous y retrouverez 101 titres, organisés et mis en forme spécifiquement pour votre liseuse. Contenu détaillé: Les 20 titres des ROUGON-MACQUART : La fortune des Rougon - La curée - Le ventre de Paris - La conquête de Plassans - La faute de l\'abbé Mouret - Son Excellence Eugène Rougon - L\'Assommoir - Une page d\'amour - Nana - Pot-Bouille - Au Bonheur des Dames - La Joie de vivre - Germinal - L\'Oeuvre - La Terre - Le Rêve - La Bête humaine - L\'Argent - La Débâcle - Le Docteur Pascal LES 12 ROMANS : Thérèse Raquin - Le Voeu d’une morte - Madeleine Férat - L’Attaque du moulin - Les Mystères de Marseille - La Confession de Claude - Les Trois Villes: Lourdes - Les Trois Villes: Paris - Les Trois Villes: Rome - Les quatre Évangiles: Fécondité - Les quatre Évan ...', -1, '2014-10-31', 7, 6, 0),
(9, 'Zola Emile 22 (ouvrages classique)', 'http://books.google.com/books/content?id=LFXsDwAAQBAJ&printsec=frontcover&img=1&zoom=5&edge=curl&source=gbs_api', 'Zola Emile 22 (ouvrages classique) Au bonheur des dames , germinal , j\'accuse , l\'argent , l\'assommoir , l\'oeuvre , la bête humaine , la conquête de plassans , la curée , la debacle , la faute de l\'abbe mouret , la fortune des rougon , la joie de vivre , la terre , le docteur pascal , le rêve , le ventre de paris , lettre a la jeunesse , nana , pot-bouille , son excellence Eugène Rougon , une page d\'amour . ...', 7397, '2014-11-03', 10, 8, 0),
(10, 'La Débâcle', 'http://books.google.com/books/content?id=Ij2rEAAAQBAJ&printsec=frontcover&img=1&zoom=5&edge=curl&source=gbs_api', 'La Débâcle est un roman d’Émile Zola publié en 1892, le dix-neuvième volume de la série Les Rougon-Macquart, dont il constitue la conclusion historique. Le premier roman (La Fortune des Rougon) évoquait le coup d’État du 2 décembre 1851, qui mit en place le Second Empire ; celui-ci a pour cadre la déroute de l’armée française devant les Prussiens à Sedan pendant la guerre franco-allemande de 1870, et donc la chute de l’Empire, remplacé le 4 septembre 1870 par la Troisième République. Les Rougon-Macquart: histoire naturelle et sociale d\'une famille sous le second Empire. XIX (1892). Texte intégral. Cet ouvrage s’inscrit dans un projet de sauvegarde et de valorisation de bibliothèques et fonds patrimoniaux anciens appartenant à la littérature des 19e et 20e siècles. Une collection de grands classiques, d’écrits pour le théâtre, de poésie, mais aussi des livres d’histoire, de philosophie ou d’économie, des récits de voyage ou des livres pour la jeunesse à retrouver via les librairies ...', 622, '2016-08-21', 12, 9, 0),
(11, 'An Autobiography', 'http://books.google.com/books/content?id=c3SgtwAACAAJ&printsec=frontcover&img=1&zoom=5&source=gbs_api', 'Millions of fans the world over got to know her beloved characters, Hercule Poirot, Miss Jane Marple, and the rest, yet for decades little was known about their creator. Dame Agatha Christie was a woman who scrupulously kept her private life hidden from view, dodging the press, granting no interviews, and even, for a brief time, famously disappearing. But shortly after the great lady\'s death, the silence was broken when An Autobiography was finally published. The witty, insightful, and immensely entertaining reflections of a marvelous talent, An Autobiography is as compulsively readable as Christie\'s novels. In her own inimitable style, a brilliant eccentric whose life encapsulated her times sheds light on her past, including her childhood in Victorian England, her volunteer work during World War II, and, of course, her phenomenal career. Agatha Christie\'s An Autobiography brings into sharp focus a beloved and enduring literary icon whose imagination continues to mesmerize readers ...', 576, '2008-07-20', 14, 10, 2),
(12, 'Hercule Poirot', 'http://books.google.com/books/content?id=JMqChKyf-0EC&printsec=frontcover&img=1&zoom=5&source=gbs_api', 'At Last All The Poirot Short Stories In A Single Volume My Name Is Hercule Poirot And I Am Probably The Greatest Detective In The World. The Dapper, Moustache-Twirling Little Belgian With The Egg-Shaped Head, Curious Mannerisms And Inordinate Respect For His Own Little Grey Cells Has Solved Some Of The Most Puzzling Crimes Of The Century. Appearing In Agatha Christie S Very First Novel In 1920 And Her Very Last In 1975, Hercule Poirot Became The Most Celebrated Detective Since Sherlock Holmes, Appearing In 33 Novels, A Play, And These 51 Short Stories. Arranged In Their Original Publication Order, These Short Stories Provide A Feast For Hardened Agatha Christie Addicts As Well As Those Who Have Grown To Love The Detective Through His Many Film And Television Appearances. ...', 68, '2010-02-21', 16, 11, 2),
(13, 'And Then There Were None', 'http://books.google.com/books/content?id=Y5BdrgEACAAJ&printsec=frontcover&img=1&zoom=5&source=gbs_api', 'The book that topped the international online poll held in Agatha Christie\'s 125th birthday year to discover which of her 80 crime books was the world\'s favourite. 1939. Europe teeters on the brink of war. Ten strangers are invited to Soldier Island, an isolated rock near the Devon coast. Cut off from the mainland, with their generous hosts Mr and Mrs U.N. Owen mysteriously absent, they are each accused of a terrible crime. When one of the party dies suddenly they realise they may be harbouring a murderer among their number. The 10 strangers include a reckless playboy, a troubled Harley Street doctor, a formidable judge, an uncouth detective, an unscrupulous mercenary, a God-fearing spinster, two restless servants, a highly decorated general and an anxious secretary. One by one they are picked off. Who will survive? And who is the killer? Copies of an ominous nursery rhyme hang in each room, the murders mimicking the awful fates of its \'Ten Little Soldier Boys\'. The clear winner i ...', 0, '2008-05-16', 17, 12, 2),
(14, 'Le premier homme', 'http://books.google.com/books/content?id=uFZfQgAACAAJ&printsec=frontcover&img=1&zoom=5&source=gbs_api', 'Le manuscrit inachevé du roman auquel travaillait Camus pendant les dernières années de sa vie. Dans sa rédaction initiale, il a un caractère autobiographique qui aurait disparu dans sa version finale. En annexe, un carnet intitulé \"Premier homme : notes et plans\" et un échange de lettres avec Louis Germain. ...', 380, '2019-01-04', 18, 0, 0),
(15, 'L\'étranger', 'http://books.google.com/books/content?id=uRfuAAAAMAAJ&printsec=frontcover&img=1&zoom=5&source=gbs_api', 'The Stranger, unabridged. ...', 202, '2006-10-08', 19, 13, 2),
(16, 'L\'étranger', 'http://books.google.com/books/content?id=u3hkngEACAAJ&printsec=frontcover&img=1&zoom=5&source=gbs_api', 'Dans Folioplus Classiques, le texte intégral, enrichi d\'une lecture d\'image, écho pictural de l\'œuvre, est suivi de sa mise en perpective organisée en six points : Mouvement littéraire -La littérature engagée ; le genre et le registre -\" Un court roman de moraliste \" ; l\'écrivain à sa table de travail -Un classicisme \" instinctif \" ; le groupement de textes -Personnages insoumis ; la chronologie -Albert Camus et son temps ; la fiche -Des pistes pour rendre compte de sa lecture. ...', 206, '2017-09-23', 20, 0, 0),
(17, 'L\' hôte : d\'après l\'oeuvre d\'Albert Camus', 'http://books.google.com/books/content?id=SvTtzgEACAAJ&printsec=frontcover&img=1&zoom=5&source=gbs_api', 'd ...', 62, '2001-08-28', 22, NULL, 4),
(18, 'Correspondance, 1946-1959', 'http://books.google.com/books/content?id=5LyRAAAAIAAJ&printsec=frontcover&img=1&zoom=5&source=gbs_api', 'd ...', 276, '2008-03-04', 5, 0, 0),
(19, 'Hard Times', 'http://books.google.com/books/content?id=dtgVDAAAQBAJ&printsec=frontcover&img=1&zoom=5&edge=curl&source=gbs_api', 'Hard Times--Dickens\'s shortest novel and one of his triumphs--tells the tragic story of Louisa Gradgrind and her father and has had lasting appeal to generations of readers. Paul Schlicke is lecturer in English at the University of Aberdeen. ...', 338, '2013-04-30', 24, 14, 2),
(20, 'Pictures from Italy', 'http://books.google.com/books/content?id=xmV4jWDnsoQC&printsec=frontcover&img=1&zoom=5&source=gbs_api', 'A delightful travelogue in the unique style of one of the greatest writers in the English language In 1844, Charles Dickens took a break from novel writing to travel through Italy for almost a year and Pictures from Italy is an illuminating account of his experiences there. He presents the country like a magic-lantern show, as vivid images ceaselessly appear before his - and his readers\' - eyes. Italy\'s most famous sights are all to be found here - St Peter\'s in Rome, Naples with Vesuvius smouldering in the background, the fairytale buildings and canals of Venice - but Dickens\'s chronicle is not simply that of a tourist. Avoiding preconceptions and stereotypes, he portrays a nation of great contrasts: between grandiose buildings and squalid poverty, and between past and present, as he observes everyday life beside ancient monuments. Combining thrilling travelogue with piercing social commentary, Pictures from Italy is a revealing depiction of an exciting and disquieting journey. I ...', 266, '2006-03-03', 25, 15, 2),
(21, 'Major Works of Charles Dickens', 'http://books.google.com/books/content?id=IYqMEAAAQBAJ&printsec=frontcover&img=1&zoom=5&source=gbs_api', 'This perfect gift of perennial favorite Dickens classics includes Great Expectations, Hard Times, Oliver Twist, A Christmas Carol, Bleak House, and A Tale of Two Cities. Bound in high-quality, colorful linen cases with foil-stamped designs inspired by each classic, this specially curated boxed set of Penguin Clothbound Classics is designed by the award-winning Coralie Bickford-Smith. ...', 0, '2012-01-04', 26, 16, 2),
(22, 'Great Expectations', 'http://books.google.com/books/content?id=etp4J_KuuHwC&printsec=frontcover&img=1&zoom=5&edge=curl&source=gbs_api', 'An unknown benefactor provides Philip Pirrip with the chance to escape his poor upbringing. Aspiring to be a gentleman, and encouraged by his expectations of wealth, he abandons his friends and moves to London. His expectations prove to be unfounded however, and he must return home penniless. ...', 436, '2007-11-13', 27, 17, 2),
(23, 'Marius', 'http://books.google.com/books/content?id=FzqSuAAACAAJ&printsec=frontcover&img=1&zoom=5&source=gbs_api', 'Le port de Marseille, dans les années vingt. Marius, le fils de César, patron du bar de la Marine, est partagé entre son amour pour Fanny, la petite marchande de coquillages, et son désir de prendre la mer, de parcourir le monde... Lorsque Marcel Pagnol, en 1929, fait représenter Marius sur une scène parisienne, sans doute ne se doute-t-il pas que ses personnages deviendront aussi célèbres qu\'Harpagon ou monsieur Jourdain.Deux ans plus tard, Pagnol et Alexander Korda en tirent un film. Raimu, Charpin, Orane Demazis, Pierre Fresnay reprennent leurs rôles, et la pellicule les immortalise. Ils feront le tour de la terre... ...', 189, '2003-06-08', 35, NULL, 0),
(24, 'Marcel Pagnol, biographie', 'http://books.google.com/books/content?id=E00dAQAAIAAJ&printsec=frontcover&img=1&zoom=5&source=gbs_api', 'd ...', 424, '2011-02-08', 34, NULL, 0),
(25, 'Topaze', 'http://books.google.com/books/content?id=hshsBQAAQBAJ&printsec=frontcover&img=1&zoom=5&edge=curl&source=gbs_api', 'Marcel Pagnol Topaze Un modeste professeur, honnête, naïf et méprisé, se trouve embauché par un conseiller municipal véreux qui veut l’utiliser comme prête-nom... Topaze, créé en 1928, est le premier succès théâtral de Pagnol. C’est sa grande comédie de caractères, la plus classique, la plus moliéresque de ses pièces. Le personnage de Topaze devient aussitôt une figure archétypale du théâtre français. ...', 251, '2002-04-18', 36, 18, 0),
(26, 'La Gloire de mon père de Pagnol (fiche de lecture de référence)', 'http://books.google.com/books/content?id=n9mVDwAAQBAJ&printsec=frontcover&img=1&zoom=5&edge=curl&source=gbs_api', 'Venez découvrir La Gloire de mon père, le roman de Marcel Pagnol, grâce à une analyse littéraire de référence. Écrite par un spécialiste universitaire, cette fiche de lecture est recommandée par de nombreux enseignants. Cet ouvrage contient plusieurs parties : • la biographie de l\'écrivain • le résumé détaillé • le mouvement littéraire • le contexte de publication du roman • l\'analyse complète Retrouvez tous nos titres sur : www.fichedelecture.fr. ...', -1, '2001-09-23', 37, 19, 0),
(27, 'Le Château de ma mère de Pagnol (fiche de lecture de référence)', 'http://books.google.com/books/content?id=r9mVDwAAQBAJ&printsec=frontcover&img=1&zoom=5&edge=curl&source=gbs_api', 'Venez découvrir Le Château de ma mère, le roman de Marcel Pagnol, grâce à une analyse littéraire de référence. Écrite par un spécialiste universitaire, cette fiche de lecture est recommandée par de nombreux enseignants. Cet ouvrage contient plusieurs parties : • la biographie de l\'écrivain • le résumé détaillé • le mouvement littéraire • le contexte de publication du roman • l\'analyse complète Retrouvez tous nos titres sur : www.fichedelecture.fr. ...', -1, '2012-07-02', 37, 19, 0),
(28, 'Angèle', 'http://books.google.com/books/content?id=1lxjBgAAQBAJ&printsec=frontcover&img=1&zoom=5&source=gbs_api', 'Marcel Pagnol Angèle Angèle, l’unique enfant de Clarius, le fermier de la Douloire, est une fille sage. Mais Louis, un mauvais garçon de la ville, la séduit et l’attire à Marseille. Albin, le journalier qui l’aime, part à sa recherche, secondé par le tendre Saturnin, l’employé de Clarius... D\'après le roman de Jean Giono, Un de Baumugnes. ...', 190, '2010-10-06', 36, 21, 0),
(29, 'Psychologie de l\'inconscient', 'http://books.google.com/books/content?id=ulFBGwAACAAJ&printsec=frontcover&img=1&zoom=5&source=gbs_api', 'C\'est en 1916, trois ans après la rupture - douloureuse - avec Sigmund Freud, que Carl Gustav Jung (1875-1961) publie ce court traité, plusieurs fois réédité depuis, où il expose l\'essentiel de sa pensée. Reparcourant un demi-siècle de découvertes - travaux de Charcot ou de Breuer sur l\'origine psychologique des névroses, découvertes capitales de Freud concernant le \" trauma \" initial -, il définit avec fermeté et netteté les notions qui désormais le séparent de son maître viennois : celle de \" volonté de puissance \" comme moteur fondamental de l\'être, non réductible à la seule libido ; et celle, devenue célèbre, d\' \" inconscient collectif \", qui le conduira par la suite à l\'étude des mythes, religions et légendes, conçus comme archétypes de l\'esprit humain. Ecrit dans une langue simple et accessible, ce traité demeure la meilleure introduction à la pensée du grand psychiatre et psychologue suisse, auteur de Métamorphoses de l\'âme et ses symboles. ...', 218, '2020-11-01', 38, 3, 0),
(30, 'Ma vie', 'http://books.google.com/books/content?id=Hp13PQAACAAJ&printsec=frontcover&img=1&zoom=5&source=gbs_api', '\" J\'ai donc entrepris aujourd\'hui, dans ma quatre-vingt-troisième année, de raconter le mythe de ma vie. \" C\'est au printemps 1957, quatre ans avant sa mort, que C.G. Jung, un des grands fondateurs de la psychanalyse, se fait le témoin de lui-même. Très peu d\'évènements extérieurs : l\'enfance de fils de pasteur, les combats psychiatriques du début du siècle, les voyages en Amérique du Sud et au Nouveau-Mexique, la construction sur un plan symbolique de la tour de Bollingen : autant de précisions autobiographiques qui éclairent cependant la genèse d\'une des œuvres qui ont le plus influencé l\'essor contemporain de la psychologie des profondeurs. C\'est aussi la rencontre avec Freud, puis les démêlés avec le maître, jusqu\'à la rupture de l\'héritier présomptif à propos du rôle de la sexualité dans le développement du psychisme. Mais toutes ces aventures ne sont évoquées qu\'en fonction des rencontres plus fondamentales du conscient et de l\'inconscient. \" Ma vie est l\'histoire d\'un incon ...', 528, '2003-02-25', 39, 0, 0),
(31, 'L\'homme à la découverte de son âme', 'http://books.google.com/books/content?id=XMnWAAAACAAJ&printsec=frontcover&img=1&zoom=5&source=gbs_api', 'Enfin à la portée de tout \"honnête homme\" de tout être, de tout esprit curieux de lui-même, ce chef-d\'œuvre capital, clair, sans jargon, simple et limpide dans sa langue, profond dans ses apports, ses découvertes, ses vérités, devenues aujourd\'hui des évidences. A la fois nouveau bien que déjà classique, L\'Homme à la découverte de son âme fut trop longtemps introuvable. Depuis toujours l\'homme se débat, pour le meilleur comme pour le pire, avec ces plans vivants qu\'il sent s\'agiter et palpiter au tréfonds de lui-même et qu\'il a épinglé du nom d\'âme. Rendre accessible ce qui est de l\'ordre de l\'âme à l\'approche expérimentale, tel fut, faits et preuves en main, le miracle paradoxalement réussi par Jung. C\'est ce lien expérimental à l\'inconscient : que le génie de Jung apporta en dot au génie de Freud dans la période de leur compagnonnage. Les complexes que Jung a mis en évidence, ces mélis-mélos, ignorés mais brûlants, de sensations et de besoins, ces nœuds, inconscients mais contra ...', 352, '2010-04-10', 34, 23, 0),
(32, 'L\'âme et la vie', 'http://books.google.com/books/content?id=JWHwPAAACAAJ&printsec=frontcover&img=1&zoom=5&source=gbs_api', 'Ce choix de textes - plus d\'un millier - éclaire et illustre les aspects les plus caractéristiques, les plus accessibles aussi, de la doctrine de Jung. L\'ouvrage s\'adresse moins au spécialiste qu\'au lecteur soucieux de découvrir les perspectives originales qu\'ouvre cettre pensée sur les domaines les plus importants de l\'existence humaine. Parmi les thèmes abordés, on retiendra l\'essence et l\'activité de la psyché (l\'âme, la conscience et l\'inconscient, les archétypes, le rêve), l\'homme dans sa vie relationnelle (médecin et malade, l\'homme et la femme, jeunesse et vieillesse, l\'individu et la communauté), le royaume des valeurs et des choses dernières (la connaissance de soi, la vie de l\'esprit, la création, le bien et le mal, le devenir de la personnalité, l\'Occident et l\'Orient, destin, mort et rénovation, la voie vers Dieu). Le lecteur pourra aussi se laisser guider, à son gré, par les titres plus précis figurant en haut de chaque page et qui en résument le contenu essentiel. En ...', 415, '2002-11-02', 21, 3, 0),
(33, 'The Earth Has a Soul', 'http://books.google.com/books/content?id=3vOcagz5Gn4C&printsec=frontcover&img=1&zoom=5&edge=curl&source=gbs_api', 'While never losing sight of the rational, cultured mind, Jung speaks for the natural mind, source of the evolutionary experience and accumulated wisdom of our species. Through his own example, Jung shows how healing our own living connection with Nature contributes to the whole. ...', 252, '2008-03-30', 40, 24, 2),
(34, 'The Casual Vacancy', 'http://books.google.com/books/content?id=FjMbGietIZ4C&printsec=frontcover&img=1&zoom=5&edge=curl&source=gbs_api', 'When Barry Fairbrother dies in his early forties, the town of Pagford is left in shock. Pagford is, seemingly, an English idyll, with a cobbled market square and an ancient abbey, but what lies behind the pretty facade is a town at war. Rich at war with poor, teenagers at war with their parents, wives at war with their husbands, teachers at war with their pupils. . . Pagford is not what it first seems. And the empty seat left by Barry on the parish council soon becomes the catalyst for the biggest war the town has yet seen. Who will triumph in an election fraught with passion, duplicity and unexpected revelations? A big novel about a small town, THE CASUAL VACANCY is J.K. Rowling\'s first novel for adults. It is the work of a storyteller like no other. ...', 480, '2005-06-03', 41, 25, 2),
(35, 'The Christmas Pig', 'http://books.google.com/books/content?id=ZVAoEAAAQBAJ&printsec=frontcover&img=1&zoom=5&edge=curl&source=gbs_api', 'One boy and his toy are about to change everything... Jack loves his childhood toy, Dur Pig. DP has always been there for him, through good and bad. Until one Christmas Eve, something terrible happens - DP is lost. But Christmas Eve is a night for miracles and lost causes, a night when all things can come to life... even toys. And Jack\'s newest toy - the Christmas Pig (DP\'s annoying replacement) - has a daring plan: Together they\'ll embark on a magical journey to seek something lost, and to save the best friend Jack has ever known... A heartwarming page-turning adventure about one child\'s love for his most treasured thing, and how far he will go to find it. A tale for the whole family to fall in love with, from one of the world\'s greatest storytellers. Featuring 9 black and white spreads and decorative inside art from renowned illustrator, Jim Field. ...', 256, '2012-05-17', 42, 25, 2),
(36, 'Very Good Lives', 'http://books.google.com/books/content?id=mF2GBwAAQBAJ&printsec=frontcover&img=1&zoom=5&edge=curl&source=gbs_api', 'In 2008, J.K. Rowling delivered a deeply affecting commencement speech at Harvard University. Now published for the first time in book form, Very Good Lives offers J.K. Rowling\'s words of wisdom for anyone at a turning point in life, asking the profound and provocative questions: How can we embrace failure? And how can we use our imagination to better both ourselves and others? Drawing from stories of her own post-graduate years, the world-famous author addresses some of life\'s most important issues with acuity and emotional force. ...', 80, '2012-12-19', 43, 25, 2),
(37, 'The Ickabog', 'http://books.google.com/books/content?id=IY2uzQEACAAJ&printsec=frontcover&img=1&zoom=5&source=gbs_api', 'As the legend of the fearsome Ickabog spreads terror in the peaceful kingdom of Cornucopia, best friends Bert and Daisy set out to discover the truth and bring happiness back to the kingdom. ...', 304, '2009-06-18', 45, NULL, 2),
(38, 'J. K. Rowling\'s Wizarding World', 'http://books.google.com/books/content?id=on48vgAACAAJ&printsec=frontcover&img=1&zoom=5&source=gbs_api', 'J.K. Rowling\'s Wizarding World is full of magical curiosities: a flying car, a hat that sings, an enchanted case, and so much more. This small, deluxe pop-up book showcases three-dimensional renderings of some of the beloved curiosities from the Harry Potter films, including two pops related to the upcoming Fantastic Beasts and Where to Find Them. Pull out flaps will feature text that delves into the items on each spread and how they were achieved in the films.This book will have doors that open from the middle of the front cover, a sturdy magnetic closure, and elastic loops to hold each pop firmly in place making it a perfect stand-alone display. ...', 0, '2006-11-27', 46, 27, 2),
(39, 'Ça', 'http://books.google.com/books/content?id=SimPQAAACAAJ&printsec=frontcover&img=1&zoom=5&source=gbs_api', 'Enfants, dans leur petite ville de Derry, Ben, Eddie, Richie et la petite bande du \"Club des ratés\", comme ils se désignaient, ont été confrontés à l\'horreur absolue : ça, cette chose épouvantable, tapie dans les égouts et capable de déchiqueter vif un garçonnet de six ans... Vingt-sept ans plus tard, l\'appel de l\'un d\'entre eux les réunit sur les lieux de leur enfance. Car l\'horreur, de nouveau, se déchaîne, comme si elle devait de façon cyclique et régulière frapper la petite cité. Entre le passé et le présent, l\'enfance et l\'âge adulte, l\'oubli des terreurs et leur insoutenable retour, l\'auteur de Sac d\'os nous convie à un fascinant voyage vers le Mal, avec une de ses oeuvres les plus amples et les plus fortes. [Source : 4e de couv.] ...', 799, '2018-06-12', 4, 3, 0),
(40, 'Running Man', 'http://books.google.com/books/content?id=LEBenQEACAAJ&printsec=frontcover&img=1&zoom=5&source=gbs_api', 'Premier quart du XXIe siècle. La dictature s\'est installée aux États-Unis. La télévision, arme suprême du nouveau pouvoir, règne sans partage sur le peuple. Une chaîne unique diffuse une émission de jeux suivie par des millions de fans : c\'est \" La Grande Traque \". Ben Richards, un homme qui n\'a plus rien à perdre, décide de s\'engager dans la compétition mortelle. Pendant trente jours il devra fuir les redoutables \" chasseurs \" lancés sur sa piste et activement aidés par une population encouragée à la délation. Tous les moyens sont bons pour éliminer Ben Richards... Dans ce livre terrifiant, le maître incontesté du suspense, le grand écrivain américain Stephen King, alias Richard Bachman, nous fait vivre cette diabolique course contre la mort sans nous laisser un instant de répit. Fascinant. ...', 315, '2002-07-30', 48, 3, 0),
(41, 'Si ça saigne', 'http://books.google.com/books/content?id=hzU7zgEACAAJ&printsec=frontcover&img=1&zoom=5&source=gbs_api', '\"Les journalistes le savent : si ça saigne, l’info se vend. Et l’explosion d’une bombe au collège Albert Macready est du pain béni dans le monde des news en continu. Holly Gibney de l’agence de détectives Finders Keepers, travaille sur sa dernière enquête lorsqu’elle apprend l’effroyable nouvelle en allumant la télévision. Elle ne sait pas pourquoi, le journaliste qui couvre les événements attire son attention...Quatre nouvelles magistrales, dont cette suite inédite au thriller L’Outsider, qui illustrent, une fois de plus, l’étendue du talent de Stephen King.\"--Page 4 de la couverture ...', 457, '2017-08-28', 47, NULL, 0),
(42, 'La Ligne verte', 'http://books.google.com/books/content?id=MSCK1GwuiLUC&printsec=frontcover&img=1&zoom=5&edge=curl&source=gbs_api', 'Paul Edgecombe, ancien gardien-chef d’un pénitencier dans les années 1930, entreprend d’écrire ses mémoires. Il revient sur l’affaire John Caffey – ce grand Noir au regard absent, condamné à mort pour le viol et le meurtre de deux fillettes – qui défraya la chronique en 1932. La Ligne verte décrit un univers étouffant et brutal, où la défiance est la règle. Personne ne sort indemne de ce bâtiment coupé du monde, où cohabitent une étrange souris apprivoisée par un Cajun pyromane, le sadique Percy Wetmore, et Caffey, prisonnier sans problème. Assez rapidement convaincu de l’innocence de cet homme doté de pouvoirs surnaturels, Paul fera tout pour le sauver de la chaise électrique. Aux frontières du roman noir et du fantastique, ce récit est aussi une brillante réflexion sur la peine de mort. Un livre de Stephen King très différent de ses habituelles incursions dans l’horreur, terriblement efficace et dérangeant. ...', 512, '2015-02-28', 49, 28, 0),
(43, 'It', 'http://books.google.com/books/content?id=4e5BYgEACAAJ&printsec=frontcover&img=1&zoom=5&source=gbs_api', 'Seven men and women return to their hometown to face the horror they fled from when they were teenagers. Copyright © Libri GmbH. All rights reserved. ...', 1138, '2008-08-16', 51, 29, 2),
(44, 'Frank Herbert\'s Dune Saga 6-Book Boxed Set', 'http://books.google.com/books/content?id=YyeOEAAAQBAJ&printsec=frontcover&img=1&zoom=5&source=gbs_api', 'Perfect for longtime fans and new readers alike--a beautiful trade paperback boxed set of the first six novels in Frank Herbert\'s Dune Saga. DUNE IS NOW A MAJOR MOTION PICTURE directed by Denis Villeneuve, starring Timothée Chalamet, Zendaya, Jason Momoa, Rebecca Ferguson, Oscar Isaac, Josh Brolin, Stellan Skarsgård, Dave Bautista, David Dastmalchian, Stephen McKinley Henderson, Chang Chen, Sharon Duncan-Brewster, Charlotte Rampling, and Javier Bardem. In the far future, on a remote planet, an epic adventure awaits. Here are the first six novels of Frank Herbert\'s magnificent Dune saga--a triumph of the imagination and one of the bestselling science fiction series of all time. Includes Books 1 - 6: DUNE - DUNE MESSIAH - CHILDREN OF DUNE - GOD EMPEROR OF DUNE - HERETICS OF DUNE - CHAPTERHOUSE: DUNE ...', 0, '2009-08-18', 53, 16, 2),
(45, 'Frank Herbert SF Gateway Omnibus', 'http://books.google.com/books/content?id=0ZczAAAAQBAJ&printsec=frontcover&img=1&zoom=5&edge=curl&source=gbs_api', 'From The SF Gateway, the most comprehensive digital library of classic SFF titles ever assembled, comes an ideal sample introduction to one of the giants of 20th century science fiction: Frank Herbert. Although best known for his award-winning Dune, Herbert\'s other work is equally ambitious and accomplished. This omnibus contains three novels spanning some 20 years of Herbert\'s career: The Dragon in the Sea, The Santaroga Barrier and The Dosadi Experiment. THE DRAGON IN THE SEA In the endless war between East and West, oil has become the ultimate prize. Nuclear-powered subtugs brave enemy waters to tap into hidden oil reserves. Psychologist John Ramsay has gone undercover aboard a Hell Diver subtug where, hunted relentlessly by the enemy, the crew find themselves isolated in a claustrophobic undersea prison, struggling for survival against the elements . . . and themselves. THE SANTAROGA BARRIER Santaroga seemed to be nothing more than a prosperous farm community. But there was so ...', 656, '2019-10-27', 54, 25, 2),
(46, 'Frank Herbert\'s Dune Saga Collection: Books 1 - 6', 'http://books.google.com/books/content?id=iAblDwAAQBAJ&printsec=frontcover&img=1&zoom=5&edge=curl&source=gbs_api', 'Perfect for longtime fans and new readers alike—this eBook collection includes all six original novels in the Dune Saga written by Frank Herbert. DUNE IS NOW A MAJOR MOTION PICTURE directed by Denis Villeneuve, starring Timothée Chalamet, Zendaya, Jason Momoa, Rebecca Ferguson, Oscar Isaac, Josh Brolin, Stellan Skarsgård, Dave Bautista, David Dastmalchian, Stephen McKinley Henderson, Chang Chen, Sharon Duncan-Brewster, Charlotte Rampling, and Javier Bardem. In the far future, on a remote planet, an epic adventure awaits. Here are the first six novels of Frank Herbert’s magnificent Dune saga—a triumph of the imagination and one of the bestselling science fiction series of all time. The Dune Saga begins on the desert planet Arrakis with the story of the boy Paul Atreides—who would become known as Muad’Dib—and of a great family’s ambition to bring to fruition humankind’s most ancient and unattainable dream.... Includes Books 1 - 6: DUNE • DUNE MESSIAH • CHILDREN OF DUNE • GOD EMPEROR ...', 3000, '2012-05-07', 55, 5, 2),
(47, 'Wüstenplanet-Zyklus 1. Der Wüstenplanet', 'http://books.google.com/books/content?id=cvDSAAAACAAJ&printsec=frontcover&img=1&zoom=5&source=gbs_api', 'd ...', 872, '2016-08-25', 3, NULL, 4),
(48, 'The Complete Novels of George Orwell', 'http://books.google.com/books/content?id=zyMluFEwA7AC&printsec=frontcover&img=1&zoom=5&edge=curl&source=gbs_api', '\'The greatest writer of the twentieth century\' Observer George Orwell\'s best-known novels, Animal Farm, describing a revolution that goes horribly wrong, and Nineteen Eighty-Four, portraying a world where human freedom has been crushed, are two of the most famous, well-quoted and influential political satires ever written. The other novels in this volume also tell stories of people at odds with repressive institutions: the corrupt imperialism of Burmese Days, disaffection with materialistic society in Keep the Aspidistra Flying, the perils of modern suburban living in Coming Up for Air and surviving on the streets in A Clergyman\'s Daughter. All the novels brought together here display Orwell\'s humour, his understanding of human nature and his great compassion. ...', 1514, '2023-01-29', 59, 30, 2),
(49, 'Essays', 'http://books.google.com/books/content?id=PqGMFPCiBEsC&printsec=frontcover&img=1&zoom=5&source=gbs_api', 'These essays, reviews and articles illuminate the life and work of one of the most individual writers of this century - a man who created a unique literary manner from the process of thinking aloud and who elevated political writing to an art. ...', 601, '2022-04-11', 61, 30, 2),
(50, 'Penguin Classics Nineteen Eighty Four', 'http://books.google.com/books/content?id=w42MEAAAQBAJ&printsec=frontcover&img=1&zoom=5&source=gbs_api', 'One of the BBC\'s \'100 Novels That Shaped Our World\' \'Who controls the past controls the future: who controls the present controls the past\' Hidden away in the Record Department of the sprawling Ministry of Truth, Winston Smith skilfully rewrites the past to suit the needs of the Party. Yet he inwardly rebels against the totalitarian world he lives in, which demands absolute obedience and controls him through the all-seeing telescreens and the watchful eye of Big Brother, symbolic head of the Party. In his longing for truth and liberty, Smith begins a secret love affair with a fellow-worker Julia, but soon discovers the true price of freedom is betrayal. George Orwell\'s dystopian masterpiece, Nineteen Eighty-Four is perhaps the most pervasively influential book of the twentieth century. ...', 0, '2019-11-13', 62, 16, 2),
(51, 'Modern Classics the Complete Novels of George Orwell', 'http://books.google.com/books/content?id=UYmMEAAAQBAJ&printsec=frontcover&img=1&zoom=5&source=gbs_api', 'George Orwell\'s best-known novels, Animal Farm, describing a revolution that goes horribly wrong, and Nineteen Eighty-Four, portraying a world where human freedom has been crushed, are two of the most famous, well-quoted and influential political satires ever written. The other novels in this volume also tell stories of people at odds with repressive institutions: the corrupt imperialism of Burmese Days, disaffection with materialistic society in Keep the Aspidistra Flying, the perils of modern suburban living in Coming Up for Air and surviving on the streets in A Clergyman\'s Daughter. All the novels brought together here display Orwell\'s humour, his understanding of human nature and his great compassion. ...', 0, '2019-05-07', 63, 16, 2),
(52, 'The Tolkien Reader', 'http://books.google.com/books/content?id=ZEGTEAAAQBAJ&printsec=frontcover&img=1&zoom=5&source=gbs_api', 'An absorbing collection of stories, poems, and commentaries by the author of The Hobbit and The Lord of the Rings Renowned around the world as the author of The Hobbit and The Lord of the Rings, J.R.R. Tolkien was also a distinguished academic and professor whose writings and lectures expand beyond the scope of his beloved Middle-earth. From short stories of fantastical adventures to essays on imagination and the narrative form, The Tolkien Reader gathers some of these fascinating and hard-to-find works into one volume. Tree and Leaf: Professor Tolkien’s now-famous essay “On Fairy-stories” and the short story “Leaf by Niggle” examine and illustrate the form and treatment of fantasy narratives. The Homecoming of Beorhtnoth Beorhthelm’s Son: A short play inspired by The Battle of Malden, an Old English poem with no ending and no beginning that describes a historical tenth-century battle between the English and Viking invaders. Farmer Giles of Ham: An imaginative history of the dista ...', 0, '2017-09-24', 64, 32, 2),
(53, 'The Nature of Middle-earth', 'http://books.google.com/books/content?id=gDUKEAAAQBAJ&printsec=frontcover&img=1&zoom=5&edge=curl&source=gbs_api', 'First ever publication of J.R.R. Tolkien’s final writings on Middle-earth, covering a wide range of subjects and perfect for those who have read and enjoyed The Silmarillion, The Lord of the Rings, Unfinished Tales, and The History of Middle-earth, and want to learn more about Tolkien’s magnificent world. ...', 393, '2010-12-02', 65, 33, 2),
(54, 'Letters from Father Christmas, Centenary Edition', 'http://books.google.com/books/content?id=JsG-ywEACAAJ&printsec=frontcover&img=1&zoom=5&source=gbs_api', 'Published to celebrate the first ever \'letter from Father Christmas\' in 1920, this beautiful oversized edition of Tolkien\'s famous illustrated letters from \'Father Christmas\' includes a wealth of charming letters, pictures and decorated envelopes, and promises to be a festive feast for Tolkien fans of all ages. ...', 208, '2022-11-24', 66, 34, 2),
(55, 'Bifrost n° 76', 'http://books.google.com/books/content?id=DoSXBgAAQBAJ&printsec=frontcover&img=1&zoom=5&edge=curl&source=gbs_api', 'Regarnis la pipe. Si je dois raconter cette histoire comme il faut, j’aurai besoin de son aide. C’est bien. Non, inutile de rajouter une bûche dans le feu. Laisse-le mourir. Il y a pire que l’obscurité. Ecoute la taverne grincer et gémir dans son sommeil ! Ce ne sont que ses os et ses pierres qui se tassent, pourtant on jurerait... ...', 331, '2015-01-27', 67, 35, 0),
(56, 'Le Seigneur des Anneaux T2 Les deux tours', 'http://books.google.com/books/content?id=VmOFEAAAQBAJ&printsec=frontcover&img=1&zoom=5&edge=curl&source=gbs_api', 'La Fraternité de l’Anneau poursuit son voyage vers la Montagne du Feu où l’Anneau Unique fut forgé, et où Frodo a pour mission de le détruire. Cette quête terrible est parsemée d’embûches : Gandalf a disparu dans les Mines de la Moria et Boromir a succombé au pouvoir de l’Anneau. Frodo et Sam se sont échappés afin de poursuivre leur voyage jusqu’au cœur du Mordor. À présent, ils cheminent seuls dans la désolation qui entoure le pays de Sauron – mais c’est sans compter la mystérieuse silhouette qui les suit partout où ils vont. Chef-d’œuvre de la fantasy, découverte d’un monde imaginaire, de sa géographie, de son histoire et de ses langues, mais aussi réflexion sur le pouvoir et la mort, Le Seigneur des Anneaux est sans équivalent par sa puissance d’évocation, son souffle et son ampleur. Cette traduction de Daniel Lauzon prend en compte la dernière version du texte anglais, les indications laissées par Tolkien à l’intention des traducteurs et les découvertes permises par les public ...', 603, '2004-05-25', 68, 36, 0),
(57, 'Le Hobbit', 'http://books.google.com/books/content?id=wJyVDAAAQBAJ&printsec=frontcover&img=1&zoom=5&edge=curl&source=gbs_api', 'Premier récit publié par J.R.R. Tolkien, en 1937, cette histoire, inventée par l’auteur pour ses propres enfants, rapporte les aventures de Bilbo, un jeune Hobbit, héros malgré lui lancé en quête d’un trésor gardé par un dragon, en compagnie de Nains et du magicien Gandalf. Bien que destiné initialement à la jeunesse, ce texte a également enchanté des générations de lecteurs adultes, par son suspense, ses coups de théâtre, son humour, sa poésie... mais aussi parce qu’il introduit le lecteur dans un monde inventé par Tolkien, la Terre du Milieu, qui sert de décor à la plupart de ses récits (dont Le Seigneur des Anneaux) ; et parce qu’il présente des personnages appelés à connaître une grande postérité, dont les Hobbits, Gandalf et... l’Anneau. Cette édition est servie par une nouvelle traduction, assurée par Daniel Lauzon, traducteur reconnu des œuvres de J.R.R. Tolkien depuis douze ans. Cette traduction inédite respecte les particularités du texte, son jeu avec les registres (du p ...', 181, '2018-07-20', 70, 36, 0),
(58, 'Paris au XXe siècle', 'http://books.google.com/books/content?id=l7_jHAAACAAJ&printsec=frontcover&img=1&zoom=5&source=gbs_api', 'Paris, 1960 : une métropole splendide, étincelante d\'électricité, reliée à la mer par un gigantesque canal, sillonnée d\'autos et de métros silencieux...Tel est le monde fascinant qu\'ont forgé, conjuguant leurs efforts, la Finance et la Technique. Pourtant, cet avenir radieux a son envers. Seuls quelques marginaux, méprisés, bientôt vaincus par la misère et la faim, persistent dans le culte de l\'Art et de la Poésie, tandis qu\'un Etat omniprésent organise la distribution du savoir scientifique... Composé avant les \" Voyages extraordinaires \", refusé par l\'éditeur Hetzel, ce roman aura attendu cent trente ans avant de revoir le jour. Surprenant par la pertinence de son information scientifique, il vaut aussi et surtout par l\'acuité de son analyse des intrications de l\'économie, de la technique et la politique. Une vision ambiguë qui fait justice de l\'image d\'un Jules Verne chantre béat du Progrès. Et d\'abord un roman prenant, coloré, où le grandiose se teinte volontiers d\'un humour d ...', 186, '2021-02-24', 71, 3, 0),
(59, 'Voyage au Centre de la Terre', 'http://books.google.com/books/content?id=DuVRCE41gjgC&printsec=frontcover&img=1&zoom=5&source=gbs_api', 'd ...', -1, '2002-10-26', NULL, NULL, 0),
(60, 'From the Earth to the Moon', 'http://books.google.com/books/content?id=0fdvDwAAQBAJ&printsec=frontcover&img=1&zoom=5&source=gbs_api', 'Written almost a century before the daring flights of the astronauts, Jules Verne’s prophetic novel of man’s race to the stars is a classic adventure tale enlivened by broad satire and scientific acumen. When the members of the elite Baltimore Gun Club find themselves lacking any urgent assignments at the close of the Civil War, their president, Impey Barbicane, proposes that they build a gun big enough to launch a rocket to the moon. But when Barbicane’s adversary places a huge wager that the project will fail and a daring volunteer elevates the mission to a “manned” flight, one man’s dream turns into an international space race. A story of rip-roaring action, humor, and wild imagination, From the Earth to the Moon is as uncanny in its accuracy and as filled with authentic detail and startling immediacy as Verne’s timeless masterpieces 20,000 Leagues Under the Sea and Around the World in Eighty Days. ...', 242, '2004-09-03', 73, 37, 2),
(61, 'Around the World in Eighty Days', 'http://books.google.com/books/content?id=jsSMEAAAQBAJ&printsec=frontcover&img=1&zoom=5&source=gbs_api', 'Verne\'s classic novel of global voyaging One night in the reform club, Phileas Fogg bets his companions that he can travel across the globe in just eighty days. Breaking the well-established routine of his daily life, he immediately sets off for Dover with his astonished valet Passepartout. Passing through exotic lands and dangerous locations, they seize whatever transportation is at hand - whether train or elephant - overcoming set-backs and always racing against the clock. For more than seventy years, Penguin has been the leading publisher of classic literature in the English-speaking world. With more than 1,700 titles, Penguin Classics represents a global bookshelf of the best works throughout history and across genres and disciplines. Readers trust the series to provide authoritative texts enhanced by introductions and notes by distinguished scholars and contemporary authors, as well as up-to-date translations by award-winning translators. ...', 0, '2002-12-26', 74, 16, 2),
(62, 'Jules Verne - Les oeuvres complètes (édition augmentée)', 'http://books.google.com/books/content?id=db4eCwAAQBAJ&printsec=frontcover&img=1&zoom=5&edge=curl&source=gbs_api', 'Edition augmentée de nombreuses notes et annexes. Vous y retouverez l\'intégrale des oeuvres de Jules Verne et plus encore. Cet ebook énorme a fait l\'objet d\'un véritable travail de recherche, correction, mise en page pour votre plus grand confort de lecture. La navigation se fait aisément au sein de l\'oeuvre grâce aux tables des matières hyperliées et NCX intégrées. Pour nous faire part de vos remarques ou signaler une erreur, veuillez nous écrire à editions@ligram.com, les titres seront mis à jour dans les plus brefs délais. Sommaire : Cinq semaines en ballon - Voyage au centre de la Terre - De la Terre à la Lune - Voyages et aventures du capitaine Hatteras - Les enfants du capitaine Grant - Autour de la lune - Vingt-mille lieues sous les mers - Une ville flottante - Les forceurs de blocus - Aventures de trois russes et de trois anglais - Le pays des fourrures - Le tour du monde en quatre-vingts jours - L\'île mystérieuse - Le chancellor - Martin Paz - Michel Strogoff - Hector Ser ...', -1, '2019-08-20', 8, 7, 0),
(63, 'Bibliocollège - Un hivernage dans les glaces, Jules Verne', 'http://books.google.com/books/content?id=no_FCQAAQBAJ&printsec=frontcover&img=1&zoom=5&edge=curl&source=gbs_api', 'Un hivernage dans les glaces a été écrit sept ans avant la rencontre déterminante de Jules Verne avec l\'éditeur Jules Hetzel. Pourtant, Jules Verne jugera ce petit roman digne de rentrer sans modification dans Les Voyages extraordinaires aux côtés de Cinq semaines en ballon, de Vingt mille lieues sous les mers ou de l\'Île mystérieuse. Ce n\'est pas étonnant. Un hivernage dans les glaces, malgré sa brièveté, présente tout ce qui, dans les grands romans d\'aventures, nous ouvre la porte du rêve : voyage maritime, quête difficile, survie improbable dans un milieu hostile, mutinerie, courage et amour... Bibliocollège propose : • le texte intégral annoté, • des questionnaires au fil du texte, • des documents iconographiques exploités, • une présentation de Jules Verne et de son époque, • un aperçu du genre du roman d\'aventures, • un groupement de textes : « Survivre... ». ...', 128, '2005-05-08', 75, 38, 0);
INSERT INTO `Book` (`id_book`, `title`, `cover`, `description`, `number_of_pages`, `acquiring_date`, `id_year`, `id_editor`, `id_language`) VALUES
(64, 'A la recherche du temps perdu', 'http://books.google.com/books/content?id=VVj-oQEACAAJ&printsec=frontcover&img=1&zoom=5&source=gbs_api', 'Les parties blanches de barbes jusque-là entièrement noires rendaient mélancolique le paysage humain de cette matinée, comme les premières feuilles jaunes des arbres alors qu\'on croyait encore pouvoir compter sur un long été, et qu\'avant d\'avoir commencé d\'en profiter on voit que c\'est déjà l\'automne. Alors moi qui depuis mon enfance, vivant au jour le jour et ayant reçu d\'ailleurs de moi-même et des autres une impression définitive, je m\'aperçus pour la première fois, d\'après les métamorphoses qui s\'étaient produites dans tous ces gens, du temps qui avait passé pour eux, ce qui me bouleversa par la révélation qu\'il avait passé aussi pour moi. Et indifférente en elle-même, leur vieillesse me désolait en m\'avertissant des approches de la mienne. ...', 447, '2000-04-10', 16, 0, 0),
(65, 'The Complete Short Stories of Marcel Proust', 'http://books.google.com/books/content?id=fP1UvtGM8bwC&printsec=frontcover&img=1&zoom=5&edge=curl&source=gbs_api', 'This volume gathers together all of Marcel Proust\'s short fiction and six tales never before translated into English. ...', 224, '2012-12-01', 76, 39, 2),
(66, 'In Search of Lost Time Volume I Swann\'s Way', 'http://books.google.com/books/content?id=mDckn3svlBoC&printsec=frontcover&img=1&zoom=5&source=gbs_api', 'In Swann’s Way, the themes of Proust’s masterpiece are introduced, and the narrator’s childhood in Paris and Combray is recalled, most memorably in the evocation of the famous maternal good-night kiss. The recollection of the narrator’s love for Swann’s daughter Gilberte leads to an account of Swann’s passion for Odette and the rise of the nouveaux riches Verdurins. For this authoritative English-language edition, D. J. Enright has revised the late Terence Kilmartin’s acclaimed reworking of C. K. Scott Moncrieff’s translation to take into account the new definitive French editions of Á la recherché du temps perdu (the final volume of these new editions was published by the Bibliothèque de la Pléiade in 1989). ...', 660, '2011-07-01', 77, 40, 2),
(67, 'Marcel Proust : Oeuvres complètes — Les 40 titres et annexes (Nouvelle édition enrichie)', 'http://books.google.com/books/content?id=tLFaokWg8vMC&printsec=frontcover&img=1&zoom=5&edge=curl&source=gbs_api', 'L\'intégrale des oeuvres de Proust, soit 40 titres et annexes abondamment annotés et particulièrement destinés aux lecteurs exigeants. La mise en page et la navigation ont fait l\'objet d\'un soin particulier en intégrant les spécificités propres à votre liseuse. Les éditions Arvensa vous font bénéficier régulièrement de mises à jour gratuites et mettent à votre disposition leur service qualité. www.arvensa.com - La référence des ebooks classiques. ...', 8000, '2010-01-28', 78, 6, 0),
(68, 'Les Oeuvres Complètes de Marcel Proust', 'http://books.google.com/books/content?id=wSlCBAAAQBAJ&printsec=frontcover&img=1&zoom=5&edge=curl&source=gbs_api', 'Ce livre numérique présente Les Oeuvres Complètes de Marcel Proust avec une table des matières dynamique et détaillée. Marcel Proust (prénoms complets : Valentin Louis Georges Eugène Marcel), né à Auteuil le 10 juillet 1871 et mort à Paris le 18 novembre 1922, est un écrivain français, dont l\'oeuvre principale est une suite romanesque intitulée À la recherche du temps perdu, publiée de 1913 à 1927. En 1907, Marcel Proust commence l\'écriture de son grand œuvre À la recherche du temps perdu dont les sept tomes seront publiés entre 1913 (Du côté de chez Swann) et 1927, c\'est-à-dire en partie après sa mort ; le second volume, À l’ombre des jeunes filles en fleurs, obtiendra le prix Goncourt en 1919. Marcel Proust meurt épuisé, le 18 novembre 1922, d\'une bronchite mal soignée : il est inhumé au cimetière du Père-Lachaise à Paris, accompagné par une assistance nombreuse qui salue un écrivain d\'importance que les générations suivantes placeront au plus haut en faisant de lui un véritable ...', -1, '2001-07-22', 79, 41, 0),
(69, 'Marcel Proust : Oeuvres complètes et annexes (annotées, illustrées)', 'http://books.google.com/books/content?id=LGmNDwAAQBAJ&printsec=frontcover&img=1&zoom=5&edge=curl&source=gbs_api', 'Nouvelle édition 2019 des oeuvres complètes de Marcel Proust. Cet ouvrage inclut l\'intégralité de A la recherche du temps perdu, les poèmes et nouvelles, les articles, chroniques et correspondances. Ces oeuvres complètes et ses annexes ont été classées, annotées et contrôlées avec soin pour être parfaitement fidèles à l’oeuvre originale. Contenu détaillé : — Les 7 tomes de «A LA RECHERCHE DU TEMPS PERDU»: Du côté de chez Swann - A l\'ombre des jeunes filles en fleurs - Le Côté de Guermantes - Sodome et Gomorrhe - La Prisonnière - Albertine disparue - Le Temps retrouvé — Les 11 poèmes en prose et nouvelles des «LES PLAISIRS ET LES JOURS»: Avant-propos dédié à mon ami Willie Heath - La mort de Baldassare Silvande, vicomte de Sylvanie - Violante ou la Mondanité - Fragments de comédie italienne - Mondanité et mélomanie de Bouvard et Pécuchet - Mélancolique villégiature de Mme de Breyves - Portraits de peintres et de musiciens - La confession d\'une jeune fille - Un dîner en ville - Les  ...', -1, '2015-02-13', 7, 6, 0),
(70, 'In Search of Lost Time, Volume I: Swann\'s Way', 'http://books.google.com/books/content?id=fHiMEAAAQBAJ&printsec=frontcover&img=1&zoom=5&source=gbs_api', 'The definitive translation of one of the greatest French novels of the twentieth century In the opening volume of Proust\'s great novel, the narrator travels backwards in time in order to tell the story of a love affair that had taken place before his own birth. Swann\'s jealous love for Odette provides a prophetic model of the narrator\'s own relationships. All Proust\'s great themes - time and memory, love and loss, art and the artistic vocation - are here in kernel form. \'Surely the greatest novelist of the 20th century\' Telegraph ...', 0, '2011-09-03', 80, 16, 2),
(71, 'Théâtre', 'http://books.google.com/books/content?id=LdDQAJE59eUC&printsec=frontcover&img=1&zoom=5&source=gbs_api', 'Ce livre est la première édition du théâtre complet de Maupassant. Il regroupe les cinq pièces jouées ou publiées du vivant de Maupassant : A la feuille de rose, maison turque (1875), Histoire du vieux temps (1879), Une répétition (1880), Musotte (1891), et La Paix du ménage (1893). En annexe figure La Trahison de la Comtesse de Rhune (1877), jamais jouée et laissée à l\'état de manuscrit, et la saynète La Revanche (1886). Volontiers contradictoire, Maupassant disait ne pas aimer se rendre au théâtre, par crainte de l\'ennui et du manque de confort, mais était en réalité passionné par la scène, comme en attestent les souvenirs de Charles Lapierre : \"Une seule chose pouvait distraire Maupassant du canotage, c\'était le théâtre. Il avait pour complice de sa passion Robert P[inchon], avec lequel il fit, en 1873, pour son début, une comédie-libre, en un acte, quelque chose comme une Lysistrata en diminutif. Le sujet était scabreux, si la forme était châtiée. Il nous suffira de dire que l ...', 506, '2021-04-16', 0, 42, 0),
(72, 'Contes du jour et de la nuit', 'http://books.google.com/books/content?id=gcCKuQAACAAJ&printsec=frontcover&img=1&zoom=5&source=gbs_api', 'Parricides, ivrognes, enfants pervers, maris aveugles, ravissantes idiotes, bourgeois lâches et mesquins, paysans cruels et cupides, vous ne trouverez dans ces contes, de jour comme de nuit, que bourreaux ou victimes. Mais s\'ils sont tous à tuer, ils tuent aussi beaucoup, ou se pendent, ou se tirent à la rigueur un coup de revolver dans la bouche par peur de la mort... Maupassant serait-il le grand ancêtre méconnu du néo-polar ? ...', 219, '2016-07-04', 82, 3, 0),
(73, 'Le Horla', 'http://books.google.com/books/content?id=oXPHHAAACAAJ&printsec=frontcover&img=1&zoom=5&source=gbs_api', '\" Un matin, comme je me promenais près de mon parterre de rosiers, je vis, je vis distinctement tout près de moi, la tige d\'une des plus belles roses se casser comme si une main invisible l\'eût cueillie, la fleur resta suspendue dans l\'air transparent, toute seule, immobile, effrayante, à trois pas de mes yeux. Saisi d\'une épouvante folle, je me jetai sur elle pour la saisir. Je ne trouvai rien. Elle avait disparu... A partir de ce moment-là, je sus qu\'il existait près de moi un être invisible qui m\'avait hanté et qui revenait. Un peu plus tard, j\'en eus la preuve. \" Confession lucide et maîtrisée d\'un homme qui assiste au naufrage de sa propre raison, Le Horla nous révèle la trajectoire secrète et fulgurante qui relie la plénitude de la santé au martyre de la démence. Nul autre récit fantastique - en raison, peut-être, de certains accents autobiographiques - n\'a développé avec plus de rigueur, et de vérité clinique l\'implacable logique de l\'imaginaire. ...', 93, '2009-03-04', 84, 3, 0),
(74, 'Bel-Ami', 'http://books.google.com/books/content?id=OqixuQAACAAJ&printsec=frontcover&img=1&zoom=5&source=gbs_api', 'Georges Duroi, dit Bel-Ami, est un jeune homme au physique avantageux. Le hasard d\'une rencontre le met sur la voie de l\'ascension sociale. Malgré sa vulgarité et son ignorance, cet arriviste parvient au sommet par l\'intermédiaire de ses maîtresses et du journalisme. Cinq héroïnes vont tour à tour l\'initier aux mystères du métier, aux secrets de la mondanité et lui assurer la réussite qu\'il espère. Dans cette société parisienne en pleine expansion capitaliste et coloniale, que Maupassant dénonce avec force parce qu\'il la connaît bien, les femmes éduquent, conseillent, oeuvrent dans l\'ombre. La presse, la politique, la finance s\'entremêlent. Mais derrière les combines politiques et financières, l\'érotisme intéressé, la mort est là qui veille, et avec elle, l\'angoisse que chacun porte au fond de lui-même. ...', 438, '2015-04-06', 85, 0, 0),
(75, 'La vie est un roman', 'http://books.google.com/books/content?id=2lrRDwAAQBAJ&printsec=frontcover&img=1&zoom=5&edge=curl&source=gbs_api', 'POUR LUI, TOUT EST ÉCRIT D\'AVANCE POUR ELLE TOUT RESTE À ÉCRIRE « Un jour d’avril, ma fille de trois ans, Carrie, a disparu alors que nous jouions toutes les deux à cache-cache dans mon appartement de Brooklyn. » Ainsi débute le récit de Flora Conway, romancière renommée à la discrétion légendaire. La disparition de Carrie n’a aucune explication. La porte et les fenêtres de l’appartement étaient closes, les caméras de ce vieil immeuble new-yorkais ne montrent pas d’intrusion. L’enquête de police n’a rien donné. Au même moment, de l’autre côté de l’Atlantique, un écrivain au cœur broyé se terre dans une maison délabrée. Lui seul détient la clé du mystère. Et Flora va le débusquer. Une lecture à nulle autre pareille. En trois actes et deux coups de théâtre, Guillaume Musso nous immerge dans une histoire étourdissante qui puise sa force dans le pouvoir des livres et la rage de vivre de ses personnages. « Un roman peut en cacher un autre. (...) Une vertigineuse mise en abyme et [Guill ...', 230, '2010-12-17', 86, 43, 0),
(76, 'Je reviens te chercher', 'http://books.google.com/books/content?id=KghFDwAAQBAJ&printsec=frontcover&img=1&zoom=5&edge=curl&source=gbs_api', 'Peut-on, en quelques heures, rattraper les erreurs de toute une vie ? Un matin, Ethan reçoit le faire-part de mariage de Céline, la femme qu\'il aimait et qu\'il a quittée pour se consacrer à sa fulgurante carrière. Une décision qu\'il regrette amèrement aujourd\'hui. Sur un coup de tête, il se rend au mariage et se met au défi de reconquérir la jeune femme. Il ne lui reste que quelques heures pour y parvenir. Quelques heures folles et pleines de mystère, au terme desquelles il est abattu par un inconnu. C\'est alors que l\'incroyable se produit... ...', 336, '2001-06-26', 88, 44, 0),
(77, 'Where Would I Be Without You?', 'http://books.google.com/books/content?id=HxajcQAACAAJ&printsec=frontcover&img=1&zoom=5&source=gbs_api', '#1 French Bestselling author of The Reunion \'It\'s no wonder that Guillaume Musso is one of France\'s most loved, bestselling authors\' Harlan Coben Sometimes, a second chance can come out of nowhere ... Parisian cop Martin Beaumont has never really got over his first love, Gabrielle. Their brief, intense affair in San Francisco and the pain of her rejection still haunt him years later. Now, however, he\'s a successful detective - and tonight he\'s going to arrest the legendary art thief, Archibald Maclean, when he raids the Musee d\'Orsay for a priceless Van Gogh. But the enigmatic Archibald has other plans. Martin\'s pursuit of the master criminal across Paris is the first step in an adventure that will take him back to San Francisco, and to the edge of love and life itself. ...', 352, '2019-04-29', 0, NULL, 2),
(78, 'Dur-an-ki', 'http://books.google.com/books/content?id=qm95EAAAQBAJ&printsec=frontcover&img=1&zoom=5&edge=curl&source=gbs_api', 'L\'œuvre inachevée Parallèmement à Berserk, Kentaro Miura s\'était lancé dans un nouveau projet : créer un nouvel univers fantasy, qui serait dessiné par les artistes qui l\'assistent au quotidien, à savoir le studio Gaga. C\'est ainsi qu\'est né Dur-an-ki, racontant les aventures trépidantes de Usumgall, mi-dieu et mi-humain, mi-homme et mi-femme qui grandit et chasse aux côtés de ses amis humains. Suite au décès de Miura, la série a été arrêtée et ne connaîtra donc pas de fin. Cependant, ce tome inachevé contient le scénario d\'origine écrit par Miura, ainsi que toutes ses esquisses et documents préparatoires. De précieux documents qui permettront aux lecteurs de se plonger dans le processus créatif du grand maître. ...', 260, '2018-12-25', 92, 45, 0),
(79, 'Giganto Maxia', 'http://books.google.com/books/content?id=C2PZCwAAQBAJ&printsec=frontcover&img=1&zoom=5&edge=curl&source=gbs_api', '100 million years after the Great Destruction, life hangs on in the wastelands with human, demi-humans, and massive creatures fighting for survival. With the Empire of Olympus using colossal beasts to crush their adversaries, only gladiator Delos, mystic Prome, and the titan Gohra they become can hope to stem genocide and heal the shattered Earth! From the immense imagination of Berserk creator Kentaro Miura comes Giganto Maxia, a science-fiction/fantasy manga of titanic proportions! ...', 236, '2011-07-27', 94, 46, 2),
(80, 'Berserk Deluxe Volume 12', 'http://books.google.com/books/content?id=oStfEAAAQBAJ&printsec=frontcover&img=1&zoom=5&edge=curl&source=gbs_api', 'The Game of Thrones of adult fantasy/horror manga continues in deluxe oversized hardcover editions, collecting Berserk volumes 34–36 in the original oversized serialization format, including three fold-out posters. Griffith\'s new Band of the Hawk assume their unholy forms to battle the monstrous Kushan emperor and his horde of demons, leaving the terrified Midland citizenry to wonder if their rescuers are another horrific curse. Meanwhile, Guts and his companions seek refuge to repair their ship on a small island that is not the safe haven they\'d hoped for—it\'s a sinister place watched over by an ancient, vengeful god whose power is about to be unleashed! Collects Berserk Volumes 34, 35, and 36. ...', 678, '2019-11-16', 95, 46, 2),
(81, 'Berserk Deluxe Volume 13', 'http://books.google.com/books/content?id=ttd0EAAAQBAJ&printsec=frontcover&img=1&zoom=5&edge=curl&source=gbs_api', 'The Game of Thrones of adult fantasy/horror manga roars toward the finish line, collecting Berserk volumes 37–39 in the original oversized serialization format and with updated translations and three fold-out color posters. Guts the Black Swordsman and company reach the island of Skellig in hopes than Elven magic can heal the afflicted mind of Casca, but first they must face the island’s terrifying magical defenses. If they can pass through and reach Elfhelm, the Flower Storm Monarch of the Elves can perform the ritual that might free Casca. But failure will mean their long, perilous journey will have been for nothing! Collects Berserk Volume 37, 38, and 39. ...', 626, '2018-04-03', 96, 46, 2),
(82, 'Berserk Deluxe Volume 10', 'http://books.google.com/books/content?id=dvBKEAAAQBAJ&printsec=frontcover&img=1&zoom=5&edge=curl&source=gbs_api', 'The GOAT adult horror manga continues in deluxe oversized hardcover editions. Guts and his companions have finally arrived at the sea, but their respite is short-lived as bloodthirsty beasts possessed by malefic Kushan sorcery emerge from the surf. Guts must again don the Berserker Armor to give his troupe any hope of survival, but the accursed shell threatens his very soul . . . and the lives of his comrades! Collects Berserk Volumes 28–30, including three fold-out color posters. “Berserk is finally given the treatment fans have longed for.”—Adventures In Poor Taste “The series more than lives up to its title.”—Comics Buyer’s Guide “The best manga ever.”—Toyfare ...', 654, '2004-03-14', 97, 46, 2),
(83, 'From the Damascus Covenant to the Covenant of the Community', 'http://books.google.com/books/content?id=jNuvCQAAQBAJ&printsec=frontcover&img=1&zoom=5&edge=curl&source=gbs_api', 'This volume offers new insight into the origins of the \"new covenant in the land of Damascus\" and the Qumran community, and explores topics related to their covenantal theology. ...', 639, '2006-12-07', 98, 47, 2),
(84, 'The Gospel of Mark and the Roman-Jewish War of 66–70 CE', 'http://books.google.com/books/content?id=Rp2DDwAAQBAJ&printsec=frontcover&img=1&zoom=5&edge=curl&source=gbs_api', 'This book interprets Mark\'s gospel in light of the Roman-Jewish War of 66-70 CE. Locating the authorship of Mark\'s gospel in rural Galilee or southern Syria after the fall of Jerusalem and the temple, and after Vespasian\'s enthronement as the new emperor, Kimondo argues that Mark\'s first hearers--people who lived through and had knowledge of the important events of the war--may have evaluated Mark\'s story of Jesus as a contrast to Roman imperial values. He makes an intriguing case that Jesus\' proclamation as the Messiah in the villages of Caesarea Philippi set up a deliberate contrast between Jesus\'s teaching and Vespasian\'s proclamation of himself as the world\'s divine ruler. He suggests that Mark\'s hearers may have interpreted Jesus\' liberative campaign in Galilee as a deliberate contrast to Vespasian\'s destructive military campaigns in the area. Jesus\'s teachings about wealth, power, and status while on the way to Jerusalem may have been heard as contrasts to Roman imperial val ...', 272, '2022-10-29', 100, 48, 2),
(85, 'Recruit for Andromeda', 'http://books.google.com/books/content?id=ETvtCgAAQBAJ&printsec=frontcover&img=1&zoom=5&edge=curl&source=gbs_api', 'When Kit Temple was drafted for the Nowhere Journey, he figured that he\'d left his home, his girl, and the Earth for good. For though those called were always promised \"rotation,\" not a man had ever returned from that mysterious flight into the unknown. Kit\'s fellow-draftee Arkalion, the young man with the strange, old-man eyes, seemed to know more than he should. So when Kit twisted the tail of fate and followed Arkalion to the ends of space and time, he found the secret behind \"Nowhere\" and a personal challenge upon which the entire future of Earth depended. ...', 76, '2012-03-04', 101, 49, 2),
(86, 'CSB Restoration Bible, Brown LeatherTouch, Indexed', 'http://books.google.com/books/content?id=eV5xDwAAQBAJ&printsec=frontcover&img=1&zoom=5&edge=curl&source=gbs_api', 'We all face difficulties in life. The death of a loved one, financial problems, divorce, health issues, job loss . . . the list can go on and on. In the midst of these difficult seasons of life there is hope. The CSB Life Restoration Bible features relevant and applicable notes and helps focus on life recovery in an easy-to-follow format to help individuals find hope and joy within the Bible as they embrace the truths and promises found in God’s Word during difficult seasons of life. The key helps in this Bible include over 500 guided notes following seven Life Restoration Principles via the easy-to-remember R.E.S.T.O.R.E acrostic (Rest and Reflect–Eternal Perspective–Support–Thanksgiving and Contentment–Other-centeredness–Relationships–Exercise of Faith). Each note is based on a key verse in God’s Word related to a specific Life Restoration Principle followed by a short devotional to help expound upon the principle before guiding the reader to the “Next Step” in the restoration j ...', 1696, '2008-12-14', 102, 50, 2),
(87, 'Perfect Order', 'http://books.google.com/books/content?id=f6H-kCvCCwgC&printsec=frontcover&img=1&zoom=5&edge=curl&source=gbs_api', 'Along rivers in Bali, small groups of farmers meet regularly in water temples to manage their irrigation systems. They have done so for a thousand years. Over the centuries, water temple networks have expanded to manage the ecology of rice terraces at the scale of whole watersheds. Although each group focuses on its own problems, a global solution nonetheless emerges that optimizes irrigation flows for everyone. Did someone have to design Bali\'s water temple networks, or could they have emerged from a self-organizing process? Perfect Order--a groundbreaking work at the nexus of conservation, complexity theory, and anthropology--describes a series of fieldwork projects triggered by this question, ranging from the archaeology of the water temples to their ecological functions and their place in Balinese cosmology. Stephen Lansing shows that the temple networks are fragile, vulnerable to the cross-currents produced by competition among male descent groups. But the feminine rites of w ...', 239, '2001-10-30', 103, 51, 2),
(88, 'Living Faith', 'http://books.google.com/books/content?id=gQvoDwAAQBAJ&printsec=frontcover&img=1&zoom=5&edge=curl&source=gbs_api', 'Desperate for new ideas to inspire sermons, Bible studies, or private meditation? Here\'s the book for you. Living Faith: Through the Church\'s Year offers fifty-two lively reflections for group or individual use, including resources for further study. Part One leads you through the seasons of the church\'s year from Advent to Trinity. Starting with the Big Bang, you\'re taken to Bethlehem for Christmas and into the desert for Lent. Christmas cribs, Easter gardens, and a large crucifix illustrate some of the most important Christian festivals. Bible texts, literature, architecture, poetry, and music all help fill out the picture. Part Two takes you into some crucial aspects of being a Christian. Jesus\'s question to his disciples at Caesarea Philippi (\"Who do you say that I am?\") helps you think about some important Gospel stories such as the stilling of the storm and the Samaritan woman. Key saints, such as Francis, Benedict, and Dominic, appear, as do C. S. Lewis, J. S. Bach, Mother  ...', 178, '2017-04-03', 104, 48, 2),
(89, 'Patricia Neal', 'http://books.google.com/books/content?id=8bfGYghnSEUC&printsec=frontcover&img=1&zoom=5&edge=curl&source=gbs_api', 'The internationally acclaimed actress Patricia Neal has been a star on stage, film, and television for nearly sixty years. On Broadway she appeared in such lauded productions as Lillian Hellman’s Another Part of the Forest, for which she won the very first Tony Award, and The Miracle Worker. In Hollywood she starred opposite the likes of Ronald Reagan, Gary Cooper, John Wayne, Paul Newman, Fred Astaire, and Tyrone Power in some thirty films. Neal anchored such classic pictures as The Day the Earth Stood Still, A Face in the Crowd, and Breakfast at Tiffany’s, but she is perhaps best known for her portrayal of Alma Brown in Hud, which earned her the Academy Award for Best Actress in 1963. But there has been much, much more to Neal’s life. She was born Patsy Louise Neal on January 20, 1926, in Packard, Kentucky, though she spent most of her childhood in Knoxville, Tennessee. Neal quickly gained attention for her acting abilities in high school, community, and college performances. He ...', 504, '2012-12-26', 105, 52, 2),
(90, 'Eugene O\'Neill', 'http://books.google.com/books/content?id=nhmYkU-S6GIC&printsec=frontcover&img=1&zoom=5&edge=curl&source=gbs_api', 'Stricken with guilt and grief when his father, mother and brother died in quick succession, Eugene O\'Neill mourned deeply for two decades. This critical biography presents an understanding of O\'Neill\'s life, work and slow grieving. ...', 606, '2020-11-16', 106, 53, 2),
(91, 'The Country Houses of John F. Staub', 'http://books.google.com/books/content?id=H0PU9rLEFh4C&printsec=frontcover&img=1&zoom=5&edge=curl&source=gbs_api', '\"This ambitious study of Staub\'s work by architectural historian Stephen Fox goes beyond a description of Staub\'s houses. Fox analyzes the roles of space, structure, and decoration in creating, defining, and maintaining social class structures and expectations and shows how Staub was able to incorporate these elements and understandings into the elegant buildings he designed for his clients. In the process, he contributes greatly to a fuller understanding of Houston\'s emergence as a premier American city.\"--BOOK JACKET. ...', 388, '2020-03-27', 5, 54, 2),
(92, 'Best Actress', 'http://books.google.com/books/content?id=zeDBDwAAQBAJ&printsec=frontcover&img=1&zoom=5&edge=curl&source=gbs_api', 'Ingrid Bergman. Audrey Hepburn. Elizabeth Taylor. Jane Fonda. Meryl Streep. The list of women who have won the coveted and legendary Academy Award for Best Actress is long and varied. Through this illustrious roster we can trace the history of women in Hollywood, from the rise of Mary Pickford in the early 20th century to the #MeToo and Time’s Up movements of today, which have galvanized women across the world to speak out for equal pay, respect, power, and opportunity. This lavishly illustrated coffee table book offers a vital examination of the first 75 women to have won the Best Actress Oscar over the span of 90 years. From inaugural recipient Janet Gaynor to Frances McDormand’s 2018 acceptance speech that assertively brought women to the forefront, Best Actress: The History of Oscar®-Winning Women serves to promote a new appreciation for the cinematic roles these women won for, as well as the real-life roles many of them played – and still play – in advancing women’s rights an ...', 711, '2002-09-19', 107, 55, 2),
(93, 'The Beat Face of God', 'http://books.google.com/books/content?id=O9MbqZOB_NgC&printsec=frontcover&img=1&zoom=5&edge=curl&source=gbs_api', 'Jack Kerouac claimed, in the 1950s, that the Beat Generation was a religious generation. He was right then, and his claim remains true for anyone on a spiritual journey today. ...', 170, '2012-05-31', 20, 56, 2),
(94, 'First Amendment Studies in Arkansas', 'http://books.google.com/books/content?id=H685DQAAQBAJ&printsec=frontcover&img=1&zoom=5&edge=curl&source=gbs_api', 'This collection of fourteen essays written by young communication scholars at the University of Arkansas presents unique insights into how First Amendment issues have played out in the state. Rather than exploring the particular legal issues and the constitutional principles enunciated by the courts, First Amendment Studies tells the stories of actual people expressing challenged or unpopular points of view and reveals the ways that constitutional controversies arise from the actions of local officials and individual citizens. Drawing on public documents as well as extensive interviews with participants, these essays demonstrate the dynamics of democratic dissent—on college campuses, in public schools, in churches, on the streets, in the forests and on the farms, and in legislative chambers and courtrooms. Each essay was selected for the Richard S. Arnold Prize in First Amendment Studies, an endowed fund established in 1999 to encourage University of Arkansas graduate students in  ...', 250, '2018-12-27', 108, 57, 2),
(95, 'Bloody Valentine', 'http://books.google.com/books/content?id=SY9YDAAAQBAJ&printsec=frontcover&img=1&zoom=5&edge=curl&source=gbs_api', 'They called it the Profile Experiment. It started ten years ago when five randomly chosen college students drew on their darkest imaginings to help the F.B.I. construct the ultimate serial killer. It became far more than a harmless exercise in terror when a little girl ended up dead … just the way they’d pictured it. The experiment has long since been disbanded; the files closed. But the horror lives on. His name is Joshua Valentine. And he’s calling his creators back to where it all began. Joshua is ready to kill again. And this time, he’s got an agenda that will make the Valentine’s Day Massacre look like a picnic in the park … ...', -1, '2009-02-17', 109, 58, 2),
(96, 'The Wind Through the Keyhole', 'http://books.google.com/books/content?id=x5oYMmRDE8EC&printsec=frontcover&img=1&zoom=5&edge=curl&source=gbs_api', 'In his New York Times bestselling The Wind Through the Keyhole, Stephen King returns to the spectacular territory of the Dark Tower fantasy saga to tell a story about gunslinger Roland Deschain in his early days. The Wind Through the Keyhole is a sparkling contribution to the series that can be placed between Dark Tower IV and Dark Tower V. This Russian doll of a novel, a story within a story within a story, visits Roland and his ka-tet as a ferocious, frigid storm halts their progress along the Path of the Beam. Roland tells a tale from his early days as a gunslinger, in the guilt-ridden year following his mother’s death. Sent by his father to investigate evidence of a murderous shape-shifter, Roland takes charge of Bill Streeter, a brave but terrified boy who is the sole surviving witness to the beast’s most recent slaughter. Roland, himself only a teenager, calms the boy by reciting a story from the Book of Eld that his mother used to read to him at bedtime, “The Wind through t ...', 320, '2014-07-30', 110, 59, 2),
(97, 'The Dark Tower Boxed Set', 'http://books.google.com/books/content?id=StsyDwAAQBAJ&printsec=frontcover&img=1&zoom=5&edge=curl&source=gbs_api', 'For the first time ever as a complete ebook series, all of Stephen King’s eight Dark Tower novels—one of the most acclaimed and popular series of all time. Special bonus: The ebook boxed set now includes The Complete Concordance, a user’s guide to the Dark Tower world. Set in a world of ominous landscape and macabre menace, The Dark Tower series features one of Stephen King’s most powerful creations—The Gunslinger—a haunting figure who embodies the qualities of the lone hero through the ages, from ancient myth to frontier Western legend. As Roland crosses a desert of damnation in a treacherous world that is a twisted image of our own, he moves ever closer to the Dark Tower of his dreams—and nightmares. This stunning, must-have collection includes: The Dark Tower I: The Gunslinger; The Dark Tower II: The Drawing of the Three; The Dark Tower III: The Waste Lands; The Dark Tower IV: Wizard and Glass; The Dark Tower: The Wind Through the Keyhole; The Dark Tower V: Wolves of the Calla; ...', 4720, '2016-07-14', 111, 59, 2),
(98, 'The Dark Tower VI: Song of Susannah', 'http://books.google.com/books/content?id=xbyPxN04shEC&printsec=frontcover&img=1&zoom=5&edge=curl&source=gbs_api', 'SONG OF SUSANNAH is the sixth volume in Stephen King\'s epic Dark Tower series. The Dark Tower is now a major motion picture starring Matthew McConaughey and Idris Elba. The pivotal sixth novel in Stephen King\'s bestselling epic fantasy saga provides the key to the quest that defines Roland\'s life. Susannah has used the power of Black Thirteen to get to New York where she can give birth to a child fated to grow up as Roland\'s nemesis. Jake and Father Callahan set out to break her date with destiny and to find Calvin Tower, owner of the vacant lot where a magical rose grows - a rose that must be saved at all costs. Meanwhile, Roland and Eddie tumble into Maine in the Summer of 1977. Here they are greeted by the gangster Balazar and must face their maker, a man called Stephen King... JOIN THE QUEST FOR THE DARK TOWER... THE DARK TOWER SERIES: THE DARK TOWER I: THE GUNSLINGER THE DARK TOWER II: THE DRAWING OF THE THREE THE DARK TOWER III: THE WASTE LANDS THE DARK TOWER IV: WIZARD AND  ...', 480, '2018-06-25', 112, 25, 2),
(99, 'Professional Development for School Improvement', 'http://books.google.com/books/content?id=EBVKAAAAYAAJ&printsec=frontcover&img=1&zoom=5&source=gbs_api', 'This book integrates knowledge from professional development and school improvement to describe frameworks that can increase the capacity of individuals, teams, and organizations to grow and develop. The text argues that both professional development and school improvement should have as their primary purpose the improvement of teaching and learning. Eleven frameworks for professional development are presented, along with strategies for integrating multiple frameworks in comprehensive programs. School leader development is addressed as a prerequisite for professional and school development. ...', 316, '2020-09-02', 35, 60, 2),
(100, 'The Dark Tower V: Wolves of the Calla', 'http://books.google.com/books/content?id=Qrm13Tw1zQcC&printsec=frontcover&img=1&zoom=5&edge=curl&source=gbs_api', 'WOLVES OF THE CALLA is the fifth volume in Stephen King\'s epic Dark Tower series. The Dark Tower is now a major motion picture starring Matthew McConaughey and Idris Elba. In the fifth novel in StephenKing\'s bestselling fantasy series, Roland and his ka-tet are bearing through the forests of the Mid-World on their journey to the Dark Tower. Tracking their every move is a group of farmers from the town of Calla Bryn Sturgis. The trackers have been warned that the Wolves, a band of masked riders, are about to gallop out of the dark land of Thunderclap and raid their town. And they want to enlist the help of the four gunslingers. How can Roland and his tet both protect the innocent community and return to New York to save our world\'s incarnation of the Dark Tower from the machinations of the evil Sombra Corporation? JOIN THE QUEST FOR THE DARK TOWER... THE DARK TOWER SERIES: THE DARK TOWER I: THE GUNSLINGER THE DARK TOWER II: THE DRAWING OF THE THREE THE DARK TOWER III: THE WASTE LAN ...', 816, '2009-05-18', 113, 25, 2),
(101, 'The Balliet, Balliett, Balliette, Balyeat, Bolyard, and Allied Families', 'http://books.google.com/books/content?id=KrwwAAAAMAAJ&printsec=frontcover&img=1&zoom=5&source=gbs_api', 'Genealogy of three Balliet families. Paulus Balliet (1717-1777) emigrated from France to Whitehall Township, Pennsylvania in 1738. He married Marie Magdalena Wotring (1721-1802). Joseph Balliet was born in Lorraine, France, son of Abraham Baillet and Susanna Hahn. Joseph came to the U.S. in 1749 and settled in Heidelberg Township, Pennsylvania. Johannes Balliet (1746-1831) settled in Sugar Loaf Valley, Luzerne County, Pennsylvania in 1784. Many descendants lived in Pennsylvania. Others are scattered throughout the U.S. ...', 1002, '2006-07-05', 114, NULL, 2),
(102, 'Hakimiyet ve Hanedan', 'http://books.google.com/books/content?id=JKmtEAAAQBAJ&printsec=frontcover&img=1&zoom=5&edge=curl&source=gbs_api', 'Hakimiyet ve Hanedan [Anahtar Kelimeler: Hristiyan, Turkce, İncil, Mesih, Tanrı, Hıristiyan, Kilise, Kitap, Zebur, İsa Mesih, Haberci, Hristiyan, Peygamber, Kitap, Kilise, İncil, Tevrat, Allah, Türkçe Kitaplar, Tanrı, Zebur, Haberci, Mezmur, Mezmur, Peygamber, Hıristiyan, Tevrat, Allah, İsa Mesih, Mesih, Türkçe Kitaplar, Turkce] ...', 327, '2020-11-29', NULL, 61, 5),
(103, 'Missionary biography. The memoir of Sarah B. Judson, by Fanny Forester', 'http://books.google.com/books/content?id=TiMEAAAAQAAJ&printsec=frontcover&img=1&zoom=5&edge=curl&source=gbs_api', 'd ...', 200, '2000-06-18', 115, NULL, 2),
(104, 'The Life and Letters of Emily Chubbuck Judson (Fanny Forester): Biographies and timelines', 'http://books.google.com/books/content?id=Ss06PgAACAAJ&printsec=frontcover&img=1&zoom=5&source=gbs_api', 'Emily Chubbick Judson (1817-1854) is a well-known name, but for more reasons than most know. She was a nationally known writer (her pseudonym was Fanny Forrester) with pieces appearing alongside those by Edgar Allan Poe and Walt Whitman, and she walked in literary company second to none. She wrote children\'s books, essays, and stories. Then, in 1845, she met Adoniram Judson and they married in 1846. Their work in Burma made them famous as Baptist missionaries. After his death in 1850, she returned to the States in 1851 and spent the last years of her life writing and publishing her essays and poetry, and helping to produce a biography of her husband. During her fascinating life, she was a prolific letter writer. This is the first volume of her life and works, with volumes 2 through 6 containing all of her letters. As these volumes are presented, readers and scholars in the future will find in this material encouragement for sharing more about the Judson lives, and the wonderful wo ...', 399, '2012-01-13', 116, NULL, 2),
(105, 'The Shadow of Slavery', 'http://books.google.com/books/content?id=52ao9kTYMPAC&printsec=frontcover&img=1&zoom=5&edge=curl&source=gbs_api', 'Whether peonage in the South grew out of slavery, a natural and perhaps unavoidable interlude between bondage and freedom, or whether employers distorted laws and customs to create debt servitude, most Southerners quietly accepted peonage. To the employer it was a way to control laborers; to the peon it was a bewildering system that could not be escaped without risk of imprisonment, beating, or death. Pete Daniel\'s book is about this largely ignored form of twentieth-century slavery. It is in part \"the record of an American failure, the inability of federal, state, and local law-enforcement officers to end peonage.\" In a series of case studies and histories, Daniel re-creates the neglected and frightening world of peonage, demanding, \"If a form of slavery yet exists in the United States, as so much evidence suggests, then the relevant questions are why, and by whose irresponsibility?\" Peonage grew out of labor settlements following emancipation, when employers forbade croppers to  ...', 218, '2016-06-14', 117, 62, 2),
(106, 'Breaking the Land', 'http://books.google.com/books/content?id=OTLo5F0SQ28C&printsec=frontcover&img=1&zoom=5&edge=curl&source=gbs_api', 'Winner of the Herbert Feis Award of the American Historical Association, 1985. Winner of the Charles S. Sydnor Award of the Southern Historical Association, 1985. Winner of the 1990 Robert Athearn Award of the Western History Association and an Honorable Mention for the 1990 James S. Donnelly, Sr., Prize in History and the Social Sciences from the American Conference for Irish Studies. ...', 372, '2004-10-25', 51, 62, 2),
(107, 'What Keeps You Up at Night?', 'http://books.google.com/books/content?id=pheMBQAAQBAJ&printsec=frontcover&img=1&zoom=5&edge=curl&source=gbs_api', '“I just can’t ever seem to shut off my brain and rest.” It\'s easy to feel paralyzed by uncertainty. We want our questions answered, our decisions affirmed, and our plans applauded. But life doesn\'t come with an instruction manual and rarely follows a straight path. How would your life change if you learned to lean into uncertainty instead of waiting on the sidelines for just the right moment or opportunity? The paradox of faith is that you can\'t activate it until you act on it. Trust compels us to move forward. If you don\'t, then you\'ll be left with a laundry list of unrealized expectations. You were meant to experience a life of abundance and blessing, not frustration and failure. Clarity only comes when we look back. So if you wait until you have clarity, you\'ll never find it. Instead, you must move forward even when you feel scared to death. That is when you\'ll be able to turn the fears that keep you up at night into fuel for your journey. If you want to experience a breakthrou ...', 238, '2002-03-06', 118, 63, 2),
(108, 'Deep\'n as it Come', 'http://books.google.com/books/content?id=WZGkrV5lmu4C&printsec=frontcover&img=1&zoom=5&edge=curl&source=gbs_api', 'The spring and summer of 1927, the Mississippi River and its tributaries flooded from Cairo, Illinois, to New Orleans, Louisiana, and the Gulf of Mexico, tearing through seven states, sometimes spreading out to nearly one hundred miles across. Pete Daniel\'s Deep\'n as It Come, available again in a new format, chronicles the worst flood in the history of the South and re-creates, with extraordinary immediacy, the Mississippi River\'s devastating assault on property and lives. Daniel weaves his narrative with newspaper and firsthand accounts, interviews with survivors, official reports, and over 140 contemporary photographs. The story of the common refugee who suffered most from the effects of the flood emerges alongside the details of the massive rescue and relief operation - one of the largest ever mounted in the United States. The title, Deep\'n as It Come, is a phrase from Cora Lee Campbell\'s earthy description of the approaching water, which, Daniel writes, \"moved at a pace of som ...', 236, '2007-05-30', 119, 57, 2),
(109, 'Toxic Drift', 'http://books.google.com/books/content?id=m_3s_QWVve0C&printsec=frontcover&img=1&zoom=5&edge=curl&source=gbs_api', 'Following World War II, chemical companies and agricultural experts promoted the use of synthetic chemicals as pesticides on weeds and insects. It was, Pete Daniel points out, a convenient way for companies to apply their wartime research to the domestic market. In Toxic Drift, Daniel documents the particularly disastrous effects this campaign had on the South\'s public health and environment, exposing the careless mentality that allowed pesticide application to swerve out of control. The quest to destroy pests, Daniel contends, unfortunately outran research on insect resistance, ignored environmental damage, and downplayed the dangers of residue accumulation and threats to fish, wildlife, domestic animals, and humans. Using legal sources, archival records, newspapers, and congressional hearings, Daniel constructs a moving, fact-filled account of the use, abuse, and regulation of pesticides from World War II until 1970. ...', 226, '2022-11-02', 120, 64, 2),
(110, 'The Rescue Mission', 'http://books.google.com/books/content?id=hZEFCwAAQBAJ&printsec=frontcover&img=1&zoom=5&edge=curl&source=gbs_api', 'The Rescue Mission: The Bible as a Gripping, Thrilling, Emotional Page-turner. \'This is an imaginatively original and brilliantly executed piece of storytelling which presents the Bible as you\'ve never read it before. Ambitious, captivating, and definitely a worthwhile read\' - Amazon reviewer. \'Dramatic. Lively. Well-informed. I enjoyed reading this book and I\'m sure you will too\' - Derek Tidball, Evangelical Alliance. \'The Rescue Mission is a fresh, imaginative, dramatic and partly poetic presentation of the Biblical account of the history of mankind and God’s love. It is very creative while remaining loyal to the meaning of the Biblical text\' - Ellis Potter, Author and Pastor. ‘An imaginative and novel approach to the greatest story ever told that will captivate those unfamiliar with its subject matter, and educate those who thought they were. It is a very unusual creative work, and I commend it to your attention’ - Pete Gilbert, Author. ...', -1, '2003-07-03', 121, 65, 2),
(111, 'Putting Plan B Into Action Participant\'s Guide', 'http://books.google.com/books/content?id=SR8H0uKCg1kC&printsec=frontcover&img=1&zoom=5&edge=curl&source=gbs_api', 'The Plan B experience offers you the chance to share with and embrace a community of believers as you begin a journey of real healing and change. ...', 128, '2010-01-14', 122, 66, 2),
(112, 'Civilian Control of the Military', 'http://books.google.com/books/content?id=VPtzf6i6U6sC&printsec=frontcover&img=1&zoom=5&edge=curl&source=gbs_api', '\"Power and Military Effectiveness is an instructive reassessment of the increasingly popular belief that military success is one of democracy\'s many virtues. International relations scholars, policy makers, and military minds will be well served by its lessons.\"--BOOK JACKET. ...', 204, '2002-12-13', 123, 67, 2),
(113, 'Simply Turing', 'http://books.google.com/books/content?id=z3ESEAAAQBAJ&printsec=frontcover&img=1&zoom=5&edge=curl&source=gbs_api', '“Michael Olinick has written a vibrant and absorbing biography of Alan Turing. Turing\'s work as a cryptographer during WW II and his pioneering development of the digital computer helped us win that war and make our technology-driven world of today possible—all this against the backdrop of the homophobic world Turing tried to navigate.” — Joseph Malkevitch, Professor of Mathematics at York College (CUNY) and CUNY Graduate Center Alan Turing (1912-1954) was born in London and showed signs of genius from a very young age. Turing was just 24 when he devised the theory that led to the development of modern computers and he went on to achieve major breakthroughs in probability, number theory, cryptology, and mathematical biology. His codebreaking efforts during World War II allowed the British to decipher secret German communications, effectively shortening the war and saving millions of lives. Yet instead of being celebrated for his accomplishments, Turing was prosecuted for being a h ...', 204, '2016-11-15', 124, 68, 2),
(114, 'Adrift', 'http://books.google.com/books/content?id=tleJEAAAQBAJ&printsec=frontcover&img=1&zoom=5&edge=curl&source=gbs_api', 'The fifth book in the thrilling Donovan sci-fi series returns to a treacherous alien planet where corporate threats and dangerous creatures imperil the lives of the colonists. The Maritime Unit had landed in paradise. After a terrifying ten-year transit from Solar System aboard the Ashanti, the small band of oceanographers and marine scientists were finally settled. Perched on a reef five hundred kilometers out from shore, they were about to embark on the first exploration of Donovan\'s seas. For the twenty-two adults and nine children, everything is new, exciting, and filled with wonder as they discover dazzling sea creatures, stunning plant life, and fascinating organisms. But Donovan is never what it seems; the changes in the children were innocuous--oddities of behavior normal to kids who\'d found themselves in a new world. Even then it was too late. An alien intelligence, with its own agenda, now possesses the children, and it will use them in a most insidious way: as the perfe ...', 513, '2002-08-27', 125, 69, 2),
(115, 'Power and Military Effectiveness', 'http://books.google.com/books/content?id=bf8b6xiaMGAC&printsec=frontcover&img=1&zoom=5&edge=curl&source=gbs_api', 'International relations scholars, policy makers, and military minds will be well served by its lessons. ...', 248, '2013-01-29', 126, 67, 2),
(116, 'Privileged and Confidential', 'http://books.google.com/books/content?id=W-bYW3nMPEYC&printsec=frontcover&img=1&zoom=5&edge=curl&source=gbs_api', 'This is the first and only study of the PIAB. As foreign policy veterans, the authors trace the board\'s history from Eisenhower through Obama and evaluate its effectiveness under each president. Created to be an independent panel of nonpartisan experts, the PIAB has become increasingly susceptible to politics in recent years and has lost some of its influence. The authors clearly demonstrate the board\'s potential to offer a unique and valuable perspective on intelligence issues and not only illuminates a little-known element of U.S. intelligence operations but also offers suggestions for enhancing a critical executive function. ...', 525, '2011-06-22', 127, 52, 2),
(117, 'Cult of the Irrelevant', 'http://books.google.com/books/content?id=_0wgEAAAQBAJ&printsec=frontcover&img=1&zoom=5&edge=curl&source=gbs_api', 'How professionalization and scholarly “rigor” made social scientists increasingly irrelevant to US national security policy To mobilize America’s intellectual resources to meet the security challenges of the post–9/11 world, US Secretary of Defense Robert M. Gates observed that “we must again embrace eggheads and ideas.” But the gap between national security policymakers and international relations scholars has become a chasm. In Cult of the Irrelevant, Michael Desch traces the history of the relationship between the Beltway and the Ivory Tower from World War I to the present day. Recounting key Golden Age academic strategists such as Thomas Schelling and Walt Rostow, Desch’s narrative shows that social science research became most oriented toward practical problem-solving during times of war and that scholars returned to less relevant work during peacetime. Social science disciplines like political science rewarded work that was methodologically sophisticated over scholarship tha ...', 364, '2007-03-11', 128, 51, 2),
(118, 'Durio, a Bibliographic Review', 'http://books.google.com/books/content?id=3AcGwT0CdSwC&printsec=frontcover&img=1&zoom=5&edge=curl&source=gbs_api', 'd ...', 196, '2014-01-18', 129, 70, 2),
(119, 'Revisions of Indian Fossil Plants, Part III', 'http://books.google.com/books/content?id=RQNtDwAAQBAJ&printsec=frontcover&img=1&zoom=5&edge=curl&source=gbs_api', 'd ...', 122, '2006-02-22', 130, 71, 2),
(120, 'An Introduction to Gymnosperms, Cycas, and Cycadales', 'http://books.google.com/books/content?id=TJEMAQAAMAAJ&printsec=frontcover&img=1&zoom=5&source=gbs_api', 'd ...', 418, '2016-10-17', 4, NULL, 2),
(121, 'RECENT ADVANCES IN INDIAN PALAEOBOTANY', 'http://books.google.com/books/content?id=VqA2DwAAQBAJ&printsec=frontcover&img=1&zoom=5&edge=curl&source=gbs_api', 'd ...', 120, '2015-11-28', 133, 71, 2);
INSERT INTO `Book` (`id_book`, `title`, `cover`, `description`, `number_of_pages`, `acquiring_date`, `id_year`, `id_editor`, `id_language`) VALUES
(122, 'Historia y sistemas de la psicología', 'http://books.google.com/books/content?id=Q4CEsW3yiU8C&printsec=frontcover&img=1&zoom=5&edge=curl&source=gbs_api', 'd ...', 392, '2010-12-10', 16, 72, 7),
(123, 'Christopher Brennan', 'http://books.google.com/books/content?id=48ghAAAAMAAJ&printsec=frontcover&img=1&zoom=5&source=gbs_api', 'd ...', 64, '2006-07-15', 134, NULL, 2),
(124, 'The Center Holds', 'http://books.google.com/books/content?id=RUiUsOwZ8ScC&printsec=frontcover&img=1&zoom=5&edge=curl&source=gbs_api', 'The Center Holds provides an intimate look at who the Supreme Court justices are, how they have made critical decisions, and why, ultimately, the Rehnquist Revolution failed. Focusing on four key areas of civil rights and liberties—racial discrimination, abortion, criminal law, and First Amendment freedoms—The Center Holds provides an in-depth look at the Supreme Court documents that illustrate the battle between the old liberal order and emerging conservative majority, beginning in the early 1980s. James F. Simon, a former Time correspondent and contributing editor, ex-dean of New York Law School, and nationally recognized scholar of constitutional law, examines key decisions on civil rights and civil liberties in a readable, intimate look at some key Supreme Court Cases and includes absorbing descriptions of confidential memos and drafts gleaned from sources from within the court. ...', 342, '2022-09-11', 135, 59, 2),
(125, 'Reports of Cases Argued and Determined in the Supreme Court of Judicature of the State of Indiana', 'http://books.google.com/books/content?id=oVsLAAAAYAAJ&printsec=frontcover&img=1&zoom=5&edge=curl&source=gbs_api', '\"With tables of the cases and principal matters\" (varies). ...', 706, '2008-04-25', 136, NULL, 2),
(126, 'Daydreamer', 'http://books.google.com/books/content?id=SnFj-AdDCCAC&printsec=frontcover&img=1&zoom=5&edge=curl&source=gbs_api', 'DYLAN LAWSON IS a typical 13-year-old boy growing up in a small, rural community in the northern Adirondacks of New York; a community that provides a lifestyle rich in outdoor adventure and homespun values. Together with his best friends Brennan and Kennedi, Dylan finds adventure and excitement in what always turns out to be anything but a typical day. But Dylan lives in a different world than everyone else. Dylan is the world’s biggest daydreamer, and he lives his life in both the real world and his dream world. Worlds that often collide, causing struggles and challenges that also provide valuable lessons learned. It begins with a harrowing experience when the boys find themselves lost on Titus Mountain in the midst of the season’s worst snowstorm and ends with the kids taking on the challenge of solving the great murder mystery when they stumble upon a dead body while out kayaking. In between, they become entrepreneurs of a successful start-up business as a result of a school pr ...', 143, '2016-10-22', 137, 73, 2),
(127, 'The Movie Guide', 'http://books.google.com/books/content?id=s7MUAQAAIAAJ&printsec=frontcover&img=1&zoom=5&edge=curl&source=gbs_api', 'From The Big Sleep to Babette\'s Feast, from Lawrence of Arabia to Drugstore Cowboy, The Movie Guide offers the inside word on 3,500 of the best motion pictures ever made. James Monaco is the president and founder of BASELINE, the world\'s leading supplier of information to the film and television industries. Among his previous books are The Encyclopedia of Film, American Film Now, and How to Read a Film. ...', 1208, '2021-03-06', 27, 74, 2),
(128, 'The Influence of the Natural Environment on MAD Operations', 'http://books.google.com/books/content?id=22giAQAAIAAJ&printsec=frontcover&img=1&zoom=5&edge=curl&source=gbs_api', 'During the last several years much has been learned about the natural environmental problems that influence the operation of Magnetic Anomaly Detection (MAD) equipment. The purpose of this report is to pass this information on to those directly involved in MAD operations. The approach is non-mathematical and deals only with the basic principles involved in the detection of a small anomaly in the presence of natural environmental noise. ...', 54, '2017-10-04', 138, NULL, 2),
(129, 'Tailings of Warren Peace', 'http://books.google.com/books/content?id=UwB0EAAAQBAJ&printsec=frontcover&img=1&zoom=5&edge=curl&source=gbs_api', 'A corrupt mining company, repossessed gravestones, a man’s fractured past, mysterious notes posted to lampposts and murder deep in the highlands of Guatemala. In Tailings of Warren Peace, Stephen Law effortlessly weaves these elements into a powerful story of love and memory, exploring how the past haunts us and how solidarity can save us all. Mysterious, passionate and powerful, Tailings of Warren Peace shows us the interconnections that exist between us, transcending social class, culture and geography. ...', -1, '2008-03-02', 139, 75, 2),
(130, 'Civil List and Constitutional History of the Colony and State of New York', 'http://books.google.com/books/content?id=FSJAAAAAYAAJ&printsec=frontcover&img=1&zoom=5&edge=curl&source=gbs_api', 'Each edition contains \"the names and origin of the civil divisions, and the names and dates of election or appointment of the principal state and county officers from the Revolution to the present time.\" ...', 610, '2008-11-05', 140, NULL, 2),
(131, 'Marvel Encyclopedia New Edition', 'http://books.google.com/books/content?id=NgXeDwAAQBAJ&printsec=frontcover&img=1&zoom=5&edge=curl&source=gbs_api', '\"[A] book that mankind has been hungering for, a book that is-now and forever-a shining beacon of wonder, a titanic tribute to talent unleashed\" - Stan Lee. Keep up with the ever-expanding Marvel Universe with the new edition of DK\'s best-selling Marvel Encyclopedia. Discover the essential facts about Marvel Comics\' timeless characters: mighty heroes such as Captain America, Spider-Man, Black Widow, and Iron Man, and malevolent villains like Thanos, Galactus, Loki, and Kingpin. Featuring an introduction by Marvel Comics supremo Stan Lee, this definitive Who\'s Who of Marvel Comics reveals vital info and secret histories of more than 1200 classic and brand new Marvel characters, and provides the lowdown on recent key events including Civil War 2, Secret Empire, and Infinity Countdown. From iconic teams such as the Avengers, X-Men, and Guardians of the Galaxy, and fan favourites Black Panther, Deadpool, and Captain Marvel, to rising stars Amadeus Cho, Squirrel Girl, and the Exiles, e ...', 450, '2011-10-14', 141, 76, 2),
(132, 'A Digest of the Law of Uses and Profits of Land', 'http://books.google.com/books/content?id=qr8yAAAAIAAJ&printsec=frontcover&img=1&zoom=5&edge=curl&source=gbs_api', 'd ...', 662, '2016-06-02', 142, NULL, 2),
(133, 'An Elementary Digest of the Law of Property in Land', 'http://books.google.com/books/content?id=Pp5LAAAAYAAJ&printsec=frontcover&img=1&zoom=5&edge=curl&source=gbs_api', 'd ...', 696, '2023-01-02', 142, NULL, 2),
(134, 'Controversies & Commanders', 'http://books.google.com/books/content?id=HZ7iBAAAQBAJ&printsec=frontcover&img=1&zoom=5&edge=curl&source=gbs_api', 'An in-depth look at the Union force that went up against Robert E. Lee, from “a master storyteller and leading Civil War historian” (Kirkus Reviews). From an award-winning military historian and the bestselling author of Gettysburg, this is a wide-ranging collection of essays about the Army of the Potomac, delving into such topics as Professor Lowe’s reconnaissance balloons; the court-martial of Fitz John Porter; the Lost Order at Antietam; press coverage of the war; the looting of Fredericksburg; the Mud March; the roles of volunteers, conscripts, bounty jumpers, and foreign soldiers; the notorious Gen. Dan Sickles, who shot his wife’s lover outside the White House; and two generals who were much maligned: McClellan (justifiably) and Hooker (not so justifiably). This lively book follows the Army of the Potomac throughout the war, from 1861 to 1865, painting a remarkable portrait of the key incidents and personalities that influenced the course of our nation’s greatest cataclysm. ...', 320, '2009-04-27', 143, 77, 2),
(135, 'Report on the Production, Technology, and Uses of Petroleum and Its Products', 'http://books.google.com/books/content?id=5Vk5AQAAMAAJ&printsec=frontcover&img=1&zoom=5&edge=curl&source=gbs_api', 'd ...', 319, '2010-12-29', 144, NULL, 2),
(136, 'THE 1ST FIGHTING IRISH: The 35th Indiana Volunteer Infantry', 'http://books.google.com/books/content?id=W_ZOAgAAQBAJ&printsec=frontcover&img=1&zoom=5&edge=curl&source=gbs_api', 'The 1st Fighting Irish: The 35th Indiana Volunteer Infantry, tells the compelling story of the exile of Ireland, Hoosiers who fought to preserve the Union of their newly adopted country. They fought for America at a time when the \"native\" American \"Know Nothings\" hated them for their foreign birth and Roman Catholic religion. Wearing green kepis to celebrate the \"Ould Sod\" the 1st Irish shed their red blood for the rather abstract idea of the \"Union.\" The text features this complex Indiana Regiment, and its southern battles, trials and tribulations. But the true story is the many unique and colorful individuals who made up this Celtic \"Band of Brothers.\" The Band was led by a Notre Dame Priest, and its nickname was eventually bestowed on the University of Notre Dame\'s athletic teams. The 1st Fighting Irish: The Indiana 35th Indiana Volunteer Infantry, Hoosier Hibernians in the War for the Union, provides a fresh retrospective on the \"War for the Union,\" and serves to help preserve ...', 157, '2011-10-21', 145, 78, 2),
(137, 'Japan\'s Foreign Policy Since 1945', 'http://books.google.com/books/content?id=k3esBwAAQBAJ&printsec=frontcover&img=1&zoom=5&edge=curl&source=gbs_api', 'This student-friendly text provides a detailed and up-to-date assessment of Japan\'s foreign policy since 1945, including policy options and choices that Japan faces in the twenty-first century. Using information based on interviews with policymakers in Japan, the author provides new insight into Japan\'s foreign policy options and analyzes the nation\'s evolving role in international affairs. The book begins with a brief overview of major issues related to Japan\'s foreign policy since the mid-nineteenth century, and then focuses on the direction of Japanese foreign policy from 1945 to the present. It examines issues such as Article Nine of the Japanese Constitution, national security needs, the way Japan views the world around it, the role of nationalism in setting policy, and the influence of big industry. It also includes material on Japan\'s response to 9/11 and the war in Iraq. Designed for both undergraduate and graduate level courses, the text includes Discussion Questions, map ...', 320, '2010-12-11', 90, 79, 2),
(138, 'Pulpits and Plain Sailing', 'http://books.google.com/books/content?id=uIHeDQAAQBAJ&printsec=frontcover&img=1&zoom=5&edge=curl&source=gbs_api', 'After leaving the Merchant Navy Kevin Cooney started out on his own with a humble back-garden engineering shop. A chance encounter led him to specialise in manufacturing stainless steel components for yachts, and it wasn\'t long before he caught the sailing bug himself. Thanks to ingenuity, determination and a great deal of hard work, Kevin managed to pilot Cooney Marine successfully through the difficult decades of British industrial strife and build it into the largest independent supplier of stainless steel rails and fittings in the UK. Now semi-retired and with his son at the helm, Kevin is free to indulge his passion by sailing the oceans and even crossing the Atlantic several times. This book is based on the diary he has been keeping for more than 40 years.ÿ ...', 414, '2006-12-14', 146, 80, 2),
(139, 'Merchants and Ministers', 'http://books.google.com/books/content?id=USmjDQAAQBAJ&printsec=frontcover&img=1&zoom=5&edge=curl&source=gbs_api', 'Merchants and Ministers explores the relationship between businesspeople and clergy in the United States from the colonial period to the present. This book traces the contours of American history by placing anecdotal detail in the context of general developments in commerce and Christianity. ...', 260, '2006-12-06', 147, 81, 2),
(140, 'Reinventing the Truth', 'http://books.google.com/books/content?id=7y04X8o6JOIC&printsec=frontcover&img=1&zoom=5&edge=curl&source=gbs_api', 'Explores the historical claims of the Two by Twos, a supposedly nameless worldwide religion. A glimpse into a religious system all but unknown to outsiders, and even families and acquaintances. The group has unofficial and official names, including \"The Truth,\" \"Home Meetings,\" \"The Testimony of Jesus,\" \"Cooneyites,\" \"Christian Conventions,\" \"Assemblies of Christians,\" \"the Workers and Friends,\" \"Les Anonymes,\" \"Die Namenlosen,\" \"Gospel Meetings,\" etc. ...', 320, '2007-03-07', 148, 82, 2),
(141, 'Japan\'s Foreign Policy Maturation', 'http://books.google.com/books/content?id=Qj6kNZ4RiOIC&printsec=frontcover&img=1&zoom=5&edge=curl&source=gbs_api', 'The sudden end of the Cold War took the Japanese foreign policy community by surprise. The Yoshida Doctrine which served Japanese foreign policy so well during the Cold War is no longer a viable foreign policy option. This dissertation examines the restructuring of Japanese foreign policy since the end of the Cold War. Through a series of 56 interviews with Japanese foregin policy elites, the changes in Japanese foreign policy are put into the context of the foreign policy literature. ...', 248, '2002-09-19', 149, 79, 2),
(142, 'Oil\'s Deep State', 'http://books.google.com/books/content?id=Re80DwAAQBAJ&printsec=frontcover&img=1&zoom=5&edge=curl&source=gbs_api', 'Why have democratic governments failed to take serious steps to reduce carbon emissions despite dire warnings and compelling evidence of the profound and growing threat posed by global warming? Most of the writing on global warming is by scientists, academics, environmentalists, and journalists. Kevin Taft, a former leader of the opposition in Alberta, brings a fresh perspective through the insight he gained as an elected politician who had an insider\'s eyewitness view of the role of the oil industry. His answer, in brief: The oil industry has captured key democratic institutions in both Alberta and Ottawa. Taft begins his book with a perceptive observer\'s account of a recent court casein Ottawa which laid bare the tactics and techniques of the industry, its insiders and lobbyists. He casts dramatic new light on exactly how corporate lobbyists, politicians, bureaucrats, universities, and other organizations are working together to pursue the oil industry\'s agenda. He offers a bris ...', 327, '2001-05-06', 150, 83, 2),
(143, 'Japanese American Celebration and Conflict', 'http://books.google.com/books/content?id=HgcRhDk9szEC&printsec=frontcover&img=1&zoom=5&edge=curl&source=gbs_api', 'A history of the struggles over identity within the Japanese American community, using ethnic festivals to reveal the conflicts from the 1930s (a period of wealthy Japanese enclaves) through the WWII internment to the late 20th century influx of investment from Japan. ...', 300, '2002-11-14', 151, 84, 2),
(144, 'Major Problems in Asian American History', 'http://books.google.com/books/content?id=RLcaCgAAQBAJ&printsec=frontcover&img=1&zoom=5&edge=curl&source=gbs_api', 'Designed to be the primary anthology or textbook for courses in Asian American history, this collection covers the subject’s entire chronological span. The volume presents a carefully selected group of readings that requires students to evaluate primary sources, test the interpretations of distinguished historians, and draw their own conclusions. Important Notice: Media content referenced within the product description or the product text may not be available in the ebook version. ...', 544, '2017-08-25', 153, 86, 2),
(145, 'The Asian American Movement, 1968-1972', 'http://books.google.com/books/content?id=CGNbAAAAMAAJ&printsec=frontcover&img=1&zoom=5&source=gbs_api', 'd ...', 238, '2002-04-12', 154, NULL, 2),
(146, 'Made in Little Tokyo', 'http://books.google.com/books/content?id=TOtyAAAAMAAJ&printsec=frontcover&img=1&zoom=5&source=gbs_api', 'd ...', 344, '2013-09-20', 84, NULL, 2),
(147, 'Trans-Pacific Japanese American Studies', 'http://books.google.com/books/content?id=FF8EEAAAQBAJ&printsec=frontcover&img=1&zoom=5&edge=curl&source=gbs_api', 'Trans-Pacific Japanese American Studies is a unique collection of essays derived from a series of dialogues held in Tokyo, Kyoto, and Los Angeles on the issues of racializations, gender, communities, and the positionalities of scholars involved in Japanese American studies. The book brings together some of the most renowned scholars of the discipline in Japan and North America. It seeks to overcome past constraints of dialogues between Japan- and U.S.-based scholars by providing opportunities for candid, extended conversations among its contributors. While each contribution focuses on the field of “Japanese American” studies, approaches to the subject vary—ranging from national and village archives, community newspapers, personal letters, visual art, and personal interviews. Research papers are divided into six sections: Racializations, Communities, Intersections, Borderlands, Reorientations, and Teaching. Papers by one or two Japan-based scholar(s) are paired with a U.S.-based sc ...', 453, '2022-07-02', 155, 87, 2),
(148, 'Histoires extraordinaires', 'http://books.google.com/books/content?id=sCOSnAEACAAJ&printsec=frontcover&img=1&zoom=5&source=gbs_api', 'd ...', 285, '2020-11-25', 156, 3, 0),
(149, 'Poèmes', 'http://books.google.com/books/content?id=Je8DAQAAIAAJ&printsec=frontcover&img=1&zoom=5&source=gbs_api', 'd ...', 202, '2007-08-13', 31, 0, 0),
(150, 'The Science Fiction of Edgar Allan Poe', 'http://books.google.com/books/content?id=Tq8rcQQItSIC&printsec=frontcover&img=1&zoom=5&edge=curl&source=gbs_api', 'One of the greatest of all horror writers, Edgar Allan Poe (1809-49) also composed pioneering tales that seized upon the scientific developments of an era marked by staggering change. In this collection of sixteen stories, he explores such wide-ranging contemporary themes as galvanism, time travel and resurrection of the dead. \'The Unparalleled Adventure of One Hans Pfall\' relates a man\'s balloon journey to the moon with a combination of scientific precision and astonishing fantasy. Elsewhere, the boundaries between horror and science are elegantly blurred in stories such as \'The Facts in the Case of M. Valdemar\', while the great essay \'Eureka\' outlines Poe\'s own interpretation of the universe. Powerfully influential on later authors including Jules Verne, these works are essential reading for anyone wishing to trace the genealogy of science fiction, or to understand the complexity of Poe\'s own creative vision ...', 464, '2009-12-09', 158, 30, 2),
(151, 'Complete Stories and Poems of Edgar Allan Poe', 'http://books.google.com/books/content?id=gxXHOU5Ni6UC&printsec=frontcover&img=1&zoom=5&source=gbs_api', 'This single volume brings together all of Poe\'s stories and poems, and illuminates the diverse and multifaceted genius of one of the greatest and most influential figures in American literary history. ...', 836, '2015-11-12', 159, 89, 2),
(152, 'The Complete Tales & Poems of Edgar Allan Poe', 'http://books.google.com/books/content?id=OuzcBAAAQBAJ&printsec=frontcover&img=1&zoom=5&edge=curl&source=gbs_api', 'The Complete Tales & Poems of Edgar Allan Poe is the next edition in the Knickerbocker Classic series, featuring works from the famous gothic American writer. His works span from 1827 to his death in 1849. His often macabre and dark works included \"The Raven,\" \"The Black Cat,\" \"The Tell-Tale Heart,\" and \"Annabelle Lee.\" For Poe fans worldwide, this stunning gift edition has a full cloth binding, foil blocking on the spine, ribbon marker, and is packaged neatly in an elegant slipcase. The Complete Tales & Poems of Edgar Allan Poe contains every known Poe tale ever written, this deluxe edition boasts the entire Poe catalogue. ...', 891, '2014-09-13', 160, 90, 2),
(153, 'The Portable Edgar Allan Poe', 'http://books.google.com/books/content?id=oAWfSINRcOEC&printsec=frontcover&img=1&zoom=5&source=gbs_api', 'A fully revised collection of Poe\'s workThe first new edition of this landmark anthology since 1945 presents a more complicated, perverse, and culturally engaged Poe. Along with the author\'s familiar masterworks in poetry and fiction, this new Portable Poe includes satirical tales that reflect his critique of American culture. ...', 708, '2012-06-01', 161, 91, 2),
(154, 'Torah et science', 'http://books.google.com/books/content?id=KmEwAAAAYAAJ&printsec=frontcover&img=1&zoom=5&source=gbs_api', 'Par son enseignement au Seminaire Israelite de France et a l\'Ecole Pratique des Hautes Etudes (Section de Sciences Religieuses), et par son oeuvre ecrite, Charles Touati a fourni des contributions de premiere importance a l\'etude de la Torah et de la hokhmah, les sciences sacrees et les sciences profanes, dans le judaisme talmudique et medieval. En particulier, son apport a la connaissance de Gersonide et des philosophes et halakhistes provencaux a ete decisif. Des disciples et des collegues, en France et a l\'etranger, lui offrent un tribut d\'articles (en francais ou en anglais) qui illustrent le theme, constitutif du judaisme et de ses contradictions, des relations entre la Torah et la hokhmah, depuis l\'epoque hellenistique jusqu\'a nos jours. Contributeurs: R. Brague, S. Feldman, P. Fenton, G. Freudenthal, R. Goetschel, A. Guetta, M. Hadas-Lebel, W.Z Harvey, M. Kellner, D. Lasker, J.-P. Rotschild, D. Schwartz, C. Sirat. L\'ouvrage comprend une bibliographie des travaux de Ch. Toua ...', 300, '2022-08-12', 3, 92, 0),
(155, 'Mais qui a attrapé le bison de Higgs ?', 'http://books.google.com/books/content?id=10BpEAAAQBAJ&printsec=frontcover&img=1&zoom=5&edge=curl&source=gbs_api', 'Un atome, c’est petit comment ? Pourquoi le pastis se trouble-t-il quand on y ajoute de l’eau ? Mais d’où vient la Lune ? Si les premiers hommes, le Big-Bang et le boson de Higgs vous intriguent, si vous fourmillez de questions sans toujours oser les poser à haute voix, alors ce livre est fait pour vous ! Laissez le créateur de la chaîne YouTube « Science étonnante » vous révéler ses découvertes préférées, au travers d’une vingtaine de questions innocentes posées par ses filles. Vous n’avez qu’une vague idée de ce qu’est une particule, un gène ou une probabilité ? Embarquez, vous en savez bien assez ! ...', 219, '2018-07-04', 163, 94, 0),
(156, 'Sociabilité et politique en milieu rural', 'http://books.google.com/books/content?id=RT0RCwAAQBAJ&printsec=frontcover&img=1&zoom=5&edge=curl&source=gbs_api', 'Du soulèvement des nudz-piedz bretons aux militants de la Confédération paysanne, en passant par les sans-culottes ruraux, cet ouvrage évoque toute une variété de mobilisations sociales et politiques en milieu rural, essentiellement en France, mais également dans des territoires étrangers (Espagne, Portugal, Allemagne, Italie), de la fin du Moyen Âge à la période contemporaine. Une quarantaine de chercheurs travaillant sur différentes périodes historiques ont été rassemblés pour réaliser ce projet ambitieux. Historiens, sociologues ou politistes, tous partagent un intérêt commun pour les mondes ruraux qu’ils interrogent ici à travers le concept de sociabilité. Cette approche leur permet de faire éclater l’unicité supposée d’une « communauté rurale », mais aussi de souligner la diversité des mondes ruraux en fonction des groupes envisagés et des territoires investis. Les diverses contributions oscillent entre une attention portée aux rapports sociaux et politiques qui se construise ...', 474, '2000-01-22', 165, 95, 0),
(157, 'Tout le bonheur du monde', 'http://books.google.com/books/content?id=DB5JzgEACAAJ&printsec=frontcover&img=1&zoom=5&source=gbs_api', 'Il était une fois en Amérique... la famille idéale. Dans leur belle maison de Chicago, David et Marilyn s\'aiment d\'un amour ardent. Mais pour leurs quatre filles, Wendy, Violet, Liza et Grace. le modèle est écrasant : comment être à la hauteur quand on a grandi à l\'ombre de parents toujours aussi épris l\'un de l\'autre à soixante ans qu\'à vingt ? Chacune apprivoise ce traumatisme inversé à sa manière, entre complicité et vacheries, cachotteries et mensonges, échecs et aspirations. Jusqu\'à ce que resurgisse Jonah, quinze ans, le douloureux secret de Violet. authentique avis de tempête sur la météo domestique. Des années 1970 à nos jours, des joies et blessures de l\'enfance aux enjeux décisifs de l\'âge adulte, Tout le bonheur du monde nous offre une place privilégiée dans ce grand-huit familial endiablé. Aussi drôle que touchante. Claire Lombardo a l\'oreille absolue pour les nuances et les contradictions qui font des relations humaines l\'inépuisable source de tous les tourments. Et d ...', 702, '2023-03-11', 47, NULL, 0),
(158, 'Tout le bonheur du monde', 'http://books.google.com/books/content?id=RiwXEAAAQBAJ&printsec=frontcover&img=1&zoom=5&edge=curl&source=gbs_api', 'Ce roman marque l’arrivée d’une plume talentueuse dans le paysage littéraire américain. Claire Lombardo, 30 ans à peine, s’inscrit dans la lignée des conteuses que nous aimons tant : Jane Smiley, Anne Tyler ou encore Ann Patchett... Elle signe un portrait de famille aussi drôle que percutant, qui possède un redoutable pouvoir d’addiction. Lombardo réinvente la tradition de la saga dans une version qui flirte avec le soap opera ou la série This is us, sans jamais renoncer à une vraie ambition littéraire. Sa langue est vive, parfois féroce, inventive et rythmée. Dès sa sortie aux USA, le livre a emporté l’enthousiasme de la presse, des clubs de lecture, se plaçant plusieurs semaines dans la fameuse liste des best-sellers du New York Times. Une série est en cours de développement pour HBO, avec Laura Dern et Amy Adams côté casting et production. ...', 704, '2001-04-14', 167, 97, 0),
(159, '100 idées pour accompagner un élève dys équipé d\'un cartable numérique', 'http://books.google.com/books/content?id=NJJcDwAAQBAJ&printsec=frontcover&img=1&zoom=5&edge=curl&source=gbs_api', 'À partir d’une idée simple : aucun enfant ne se lève le matin pour échouer dans ce qu’il entreprend, découvrons ensemble comment sauver le parcours scolaire des enfants « DYS », loin des idées reçues et forts de ce que nous avons initié et observé avec des centaines d’entre eux que le numérique a placé sur le chemin de la reconnaissance, de l’autonomie et de l’estime d’eux-mêmes. De plus en plus d’enfants se voient prescrire ou indiquer l’utilisation d’un ordinateur pour aller à l’école. Ils sont concernés par la dyspraxie, la dyslexie, les troubles de l’attention avec ou sans hyperactivité, le haut potentiel, les troubles autistiques, d’autres causes diagnostiquées par un neuropédiatre. Avec ou sans reconnaissance de handicap par la MDPH, ces apprenants, souffrant de troubles des apprentissages, sont toujours en grande difficulté à l’école, au collège et au lycée. Avec à l’horizon, la menace du décrochage et de l’échec scolaire. Bienvenue dans la grande famille des « DYS » ! Pour ...', 232, '2016-10-08', 168, 98, 0),
(160, 'Lettres italiennes de Claire de Gonzague, comtesse de Bourbon-Montpensier (1464-1503)', 'http://books.google.com/books/content?id=aq7jDwAAQBAJ&printsec=frontcover&img=1&zoom=5&edge=curl&source=gbs_api', 'La correspondance italienne de Claire de Gonzague, conservée essentiellement dans les Archives de Mantoue, rassemble de très nombreux sujets éclectiques qui traduisent les préoccupations publiques et privées des Gonzague et des Bourbon-Montpensier. Si ceux-ci sont le plus souvent évoqués dans le style informel, naturel et spontané de lettres familiales, toutefois quelques missives sont rédigées dans une prose baroque qui s\'orne d\'images hyperboliques témoignant d\'une vénération pour Dieu, le roi de France et surtout pour son frère François, héritier de la lignée princière. Ces échanges épistolaires font état notamment de la relation particulièrement intense qui unit la comtesse et son frère, une tendresse qui se traduit par des petites phrases affectueuses empreintes d\'une admiration qui ne se démentira jamais. Les liens affectifs de Claire avec ses jeunes soeurs sont presque aussi vifs et des relations très cordiales unissent les deux beaux-frères, Gilbert et François, qu\'aucun é ...', -1, '2004-12-30', 169, 99, 0),
(161, 'Piège en Ombrie', 'http://books.google.com/books/content?id=nWfxDQAAQBAJ&printsec=frontcover&img=1&zoom=5&edge=curl&source=gbs_api', 'Piège en Ombrie ou les secrets de Montiano, première aventure d’Hélène Fontayne, Française vivant dans un petit village d’Ombrie, en Italie, aux prises avec un double mystère : la mort accidentelle de son voisin, Enzo Valeriani, l’antipathique directeur de la maison de repos et, le même jour, la disparition d’Irina, jeune et jolie Russe, aide à domicile de Gabriella, l’ancienne institutrice du village. Hélène, qui se débat entre crise conjugale, blues de la quarantaine et « chocolamanie », va enquêter un peu malgré elle, par amitié pour Gabriella mais aussi pour pimenter son existence... Aldo, le cuisinier de la maison de repos, tentera lui aussi de démêler le vrai du faux tout en préparant de délicieux plats d’Ombrie dont les recettes sont livrées à la fin du roman. Au centre d’intrigues de plus en plus complexes, des personnages hauts en couleur évoluent avec une certaine indolence qui magnifie l’atmosphère du roman, dans des lieux décrits avec un grand talent. Claire Arnot rend ...', 630, '2004-02-20', 170, 100, 0),
(162, 'Le challenge partenarial', 'http://books.google.com/books/content?id=k_8gQopQmk4C&printsec=frontcover&img=1&zoom=5&edge=curl&source=gbs_api', 'Pour faire face à une situation économique de plus en plus tendue et imprévisible, l\'impératif partenarial s\'impose aux organisations qui veulent survivre dans un contexte mondialisé secoué par des évolutions rapides et souvent irréversibles. En effet, la réussite de sa stratégie d\'alliance avec d\'autres organisations est désormais cruciale pour une entreprise qui veut innover et conquérir de nouveaux marchés. Dans nos marchés globalisés, raisonner en termes de coups ponctuels entre vendeurs et acheteurs n\'a plus de sens. Il faut désormais penser autrement et établir de solides relations partenariales pour atteindre nos objectifs et réussir sur des marchés hautement évolutifs et incertains. Florent A Meyer nous livre ici un ouvrage qui réunit les éléments de réflexions stratégiques et la boîte à outils complète pour initier, gérer et réussir ses partenariats. Le livre de référence pour comprendre et mettre en ouvre ses stratégies partenariales. Une première partie présente l\'histo ...', 350, '2000-07-27', 0, 101, 0),
(163, 'Après la finitude. Essai sur la nécessité de la contingence', 'http://books.google.com/books/content?id=m765DAAAQBAJ&printsec=frontcover&img=1&zoom=5&edge=curl&source=gbs_api', 'La critique empiriste des prétentions universelles de la pensée humaine est-elle réellement fondée ? On sait que c\'est le problème de Kant. Mais Quentin Meillassoux montre avec une force étonnante qu\'une autre compréhension de cette critique, restée en quelque sorte dissimulée, bien que plus \"naturelle\", aboutit à un partage des ambitions de la pensée très différent de celui proposé par Kant. Il établit en effet qu\'une seule chose est absolument nécessaire : que les lois de la nature soient contingentes. Ce noeud entièrement nouveau entre les modalités contraires installe la pensée dans un tout autre rapport à l\'expérience du monde, un rapport qui défait simultanément les prétentions \"nécessitantes\" de la métaphysique classique, et le partage \"critique\" entre l\'empirique et le transcendantal. Cette remarquable \"critique de la Critique\" est ici introduite sans fioritures, coupant vers l\'essentiel dans un style particulièrement clair et démonstratif. Elle autorise à nouveau que le d ...', 192, '2021-09-13', 174, 103, 0),
(164, 'After Finitude', 'http://books.google.com/books/content?id=EGrOBAAAQBAJ&printsec=frontcover&img=1&zoom=5&edge=curl&source=gbs_api', 'From the preface by Alain Badiou: It is no exaggeration to say that Quentin Meillassoux has opened up a new path in the history of philosophy, understood here as the history of what it is to know ... This remarkable \"critique of critique\" is introduced here without embellishment, cutting straight to the heart of the matter in a particularly clear and logical manner. It allows the destiny of thought to be the absolute once more. \"This work is one of the most important to appear in continental philosophy in recent years and deserves a wide readership at the earliest possible date ... Après la finitude is an important book of philosophy by an authnted emerging voices in continental thought. Quentin Meillassoux deserves our close attention in the years to come and his book deserves rapid translation and widespread discussion in the English-speaking world. There is nothing like it.\" -Graham Harman in Philosophy Today Quentin Meillassoux\'s remarkable debut makes a strikingly original co ...', 158, '2013-03-11', 176, 104, 2),
(165, 'Time Without Becoming', 'http://books.google.com/books/content?id=qmGDoAEACAAJ&printsec=frontcover&img=1&zoom=5&source=gbs_api', 'To use Alan Badiou\'s words, \"It is no exaggeration to say that Quentin Meillassoux has opened up a new path in the history of philosophy.\" The present book, Time Without Becoming, is the text of a conference that Meillassoux gave at Middlesex University in London in May 2008. Following his seminal After Finitude, Meillassoux proceeds here to further explore his notion of absolute contingency, which is able to produce and destroy, without a reason, any becoming. In her contribution, Anna Longo challenges this idea by confronting Meillassoux\'s speculative materialism with emergentism. ...', 0, '2002-09-19', 177, 105, 2),
(166, 'Le fonctionnaire expatrié', 'http://books.google.com/books/content?id=g7t0cUwEVYUC&printsec=frontcover&img=1&zoom=5&edge=curl&source=gbs_api', 'Les implantations culturelles françaises à l’étranger sont animées par plus de 30 000 personnes. Il y a plus de 2 000 établissements ou services scolaires et culturels et des centaines d’actions de coopération. Le rôle décisif de l’État dans ce processus place ainsi la fonction publique ou les acteurs satellisés par elle au cŒur de la réalisation de cette ambition nationale. Dès lors, l’expatriation de la fonction publique, construction juridique particulièrement originale bien que méconnue, devient la clé de celle-ci. ...', 659, '2019-09-02', 16, 106, 0),
(167, 'LE FONCTIONNAIRE EXPATRIE', 'http://books.google.com/books/content?id=rfkfbdXF-roC&printsec=frontcover&img=1&zoom=5&edge=curl&source=gbs_api', 'Les implantations culturelles françaises à l’étranger sont animées par plus de 30 000 personnes. Il y a plus de 2 000 établissements ou services scolaires et culturels et des centaines d’actions de coopération. Le rôle décisif de l’État dans ce processus place ainsi la fonction publique ou les acteurs satellisés par elle au cœur de la réalisation de cette ambition nationale. Dès lors, l’expatriation de la fonction publique, construction juridique particulièrement originale bien que méconnue, devient la clé de celle-ci. ...', 656, '2020-08-26', 179, 106, 0),
(168, 'Chronological tables of ordinances, revision and amendment ordinances, general indes, appendix', 'http://books.google.com/books/content?id=545DAQAAMAAJ&printsec=frontcover&img=1&zoom=5&source=gbs_api', 'd ...', 366, '2018-10-03', 180, NULL, 2),
(169, 'Reports of Cases Decided in the Supreme Court of the State of North Dakota', 'http://books.google.com/books/content?id=D78EAAAAYAAJ&printsec=frontcover&img=1&zoom=5&source=gbs_api', 'd ...', 758, '2009-11-09', 181, NULL, 2),
(170, 'The Major Political Writings of Jean-Jacques Rousseau', 'http://books.google.com/books/content?id=BM8JngEACAAJ&printsec=frontcover&img=1&zoom=5&source=gbs_api', 'Individualist and communitarian. Anarchist and totalitarian. Classicist and romanticist. Progressive and reactionary. Since the eighteenth century, Jean-Jacques Rousseau has been said to be all of these things. Few philosophers have been the subject of as much or as intense debate, yet almost everyone agrees that Rousseau is among the most important and influential thinkers in the history of political philosophy. This new edition of his major political writings, published in the year of the three-hundredth anniversary of his birth, renews attention to the perennial importance of Rousseau’s work. The book brings together superb new translations by renowned Rousseau scholar John T. Scott of three of Rousseau’s works: the Discourse on the Sciences and Arts, the Discourse on the Origin and Foundations of Inequality Among Men, and On the Social Contract. The two Discourses show Rousseau developing his well-known conception of the natural goodness of man and the problems posed by life i ...', 0, '2002-07-27', 187, 108, 2),
(171, 'Emile', 'http://books.google.com/books/content?id=ObOWswEACAAJ&printsec=frontcover&img=1&zoom=5&source=gbs_api', 'Alan Bloom\'s new translation of Emile, Rousseau\'s masterpiece on the education and training of the young, is the first in more than seventy years. In it, Bloom, whose magnificent translation of Plato\'s Republic has been universally hailed as a virtual rediscovery of that timeless text, again brings together the translator\'s gift for journeying between two languages and cultures and the philosopher\'s perception of the true meaning and significance of the issues being examined in the work. The result is a clear, readable, and highly engrossing text that at the same time offers a wholly new sense of the importance and relevance of Rousseau\'s thought to us.In addition to his translation, Bloom provides a brilliant introduction that relates the structure and themes of the book to the vital preoccupation\'s of our own age, particularly in the field of education, but also more generally to the current concerns about the limits and possibilities of human nature. Thus in this translation Em ...', 0, '2010-01-20', 188, 109, 2),
(172, 'A Discourse on Inequality', 'http://books.google.com/books/content?id=fYKMEAAAQBAJ&printsec=frontcover&img=1&zoom=5&source=gbs_api', 'In A Discourse on Inequality, Rousseau sets out to demonstrate how the growth of civilization corrupts man’s natural happiness and freedom by creating artificial inequalities of wealth, power and social privilege. Contending that primitive man was equal to his fellows, Rousseau believed that as societies become more sophisticated, the strongest and most intelligent members of the community gain an unnatural advantage over their weaker brethren, and that constitutions set up to rectify these imbalances through peace and justice in fact do nothing but perpetuate them. Rousseau’s political and social arguments in the Discourse were a hugely influential denunciation of the social conditions of his time and one of the most revolutionary documents of the eighteenth-century. For more than seventy years, Penguin has been the leading publisher of classic literature in the English-speaking world. With more than 1,700 titles, Penguin Classics represents a global bookshelf of the best works t ...', 0, '2022-12-16', 189, 16, 2),
(173, 'Les Confessions', 'http://books.google.com/books/content?id=Sa6XDwAAQBAJ&printsec=frontcover&img=1&zoom=5&edge=curl&source=gbs_api', 'Les Confessions de Jean-Jacques Rousseau est une autobiographie couvrant les cinquante-trois premières années de la vie de Rousseau, jusqu\'à 1765. Les douze livres des Confessions se divisent en deux ensembles distincts, définis par Rousseau lui-même : la première partie constituée par les livres i à vi avec le Préambule, rédigée en 1765-1767, couvre les années 1712-1740 (années de formation, de la naissance à Genève à l\'installation à Paris à 28 ans) alors que la deuxième partie, constituée par les livres vii à xii et rédigée en 1769-1770, couvre les années 1741-1765, c\'est-à-dire sa vie à Paris dans les milieux de la musique et des philosophes, avec ses réussites (Discours - La Nouvelle Héloïse) et ses déboires, comme les attaques qui suivent la publication de l\'Émile, qui l\'obligent à fuir en Suisse. L\'oeuvre aura une publication entièrement posthume : en 1782 pour la première partie et en 1789 pour la deuxième. Rousseau avait cependant déjà fait des lectures publiques de certa ...', 562, '2000-12-31', 190, 9, 0),
(174, 'Correspondance complète de Jean Jacques Rousseau', 'http://books.google.com/books/content?id=dSQrAAAAIAAJ&printsec=frontcover&img=1&zoom=5&source=gbs_api', 'd ...', 322, '2019-07-23', 99, 110, 0),
(175, 'Jean-Jacques Rousseau et les arts visuels', 'http://books.google.com/books/content?id=A5A45cBs7vgC&printsec=frontcover&img=1&zoom=5&edge=curl&source=gbs_api', 'd ...', 686, '2005-11-23', 76, 111, 0),
(176, 'Opera, Or, The Undoing of Women', 'http://books.google.com/books/content?id=dc4HeHS3ulMC&printsec=frontcover&img=1&zoom=5&source=gbs_api', 'This was the first work to have applied a systematised feminist theory to opera. It concentrates on the stories & text of opera, that perhaps have more relevence today in a growing literature than it had when it was the \"sacrilegious\" pioneering work. ...', 228, '2009-06-08', 82, 113, 2),
(177, 'La nuit et l\'été', 'http://books.google.com/books/content?id=aNBkAAAAMAAJ&printsec=frontcover&img=1&zoom=5&source=gbs_api', 'Evaluation, analyse et propositions concernant l\'offre culturelle à France Télévision. Pose la question de la place et de l\'influence de la culture sur la télévision publique, les émissions culturelles étant diffusées essentiellement après minuit et pendant l\'été. Donne des solutions pour que la culture retrouve une place moins confidentielle sur les chaînes publiques. ...', 150, '2002-10-01', 76, NULL, 0),
(178, 'Les révolutions de l\'inconscient', 'http://books.google.com/books/content?id=l0MQAQAAIAAJ&printsec=frontcover&img=1&zoom=5&source=gbs_api', 'Au-delà et avant Freud, d\'une société et d\'un siècle à l\'autre, l\'inconscient ne cesse de se présenter comme bien autre chose qu\'un concept occidental, se manifestant aussi bien en séance d\'analyse que lors d\'un rituel en Afrique. Convaincue de cette existence universelle et intemporelle de l\'inconscient, C. Clément en retrouve les diverses facettes chez Moïse comme chez Freud. ...', 332, '2000-12-23', 3, 115, 0),
(179, 'Le voyage de Théo', 'http://books.google.com/books/content?id=eb5mAAAACAAJ&printsec=frontcover&img=1&zoom=5&source=gbs_api', 'Théo, l\'adolescent guéri par un voyage initiatique à travers les religions du monde, a maintenant vingt-six ans. Médecin humanitaire, il est aussi un écologiste convaincu. Les hommes, la Terre: même combat. Une Terre qui est fatiguée et dont les habitants souffrent. En compagnie de l\'inénarrable Tante Marthe, Théo part sur les sites les plus malades de la planète. Et dans sa quête de connaissances, il rencontre le plus précieux des dons, le plus fragile: l\'amour. Le Sang du monde est la suite du précédent roman de Catherine Clément, Le Voyage de Théo, best-seller international, traduit dans plus de vingt langues. ...', 388, '2013-12-20', 192, 116, 0),
(180, 'Claude Levi-Strauss', 'http://books.google.com/books/content?id=Cg0kOwAACAAJ&printsec=frontcover&img=1&zoom=5&source=gbs_api', 'En este breve y extraordinario volumen se recorre la obra de L vi-Strauss; la geolog a como modelo, las influencias de Marx y Freud, su admiraci n por Rousseau, su postura cr tica frente a Sartre, el m todo del verdadero estructuralismo y su an lisis de lo mitos, entre otros temas clave. ...', 0, '2017-04-17', 76, NULL, 7),
(181, 'MYSTERION', 'http://books.google.com/books/content?id=_A5CDwAAQBAJ&printsec=frontcover&img=1&zoom=5&edge=curl&source=gbs_api', 'In a time where violent heretic hunting occurred, a secret society called the Rose Cross, who practiced Alchemy, were under oppression for being blasphemous. The Alchemist Leon rewrote his own memory and was living his life as a completely different person. The Philosopher\'s Stone, homunculus, and the secrets of his past are about to be revealed...! ...', 28, '2013-08-01', NULL, 117, 2),
(182, 'SCARLET BLADE', 'http://books.google.com/books/content?id=2q9aDwAAQBAJ&printsec=frontcover&img=1&zoom=5&edge=curl&source=gbs_api', 'Ro was abandoned in the wild by his father as soon as he was born. Luckily the Aesir god Loki took him in and raised him. After 13 years, Ro returns to his real home and the secrets around his birth are unraveled. This is the grand tale of the young viking Ro, set on the stage of Scandinavian mythology! ...', 29, '2003-04-24', NULL, 117, 2),
(183, 'PAIRAZAHDA', 'http://books.google.com/books/content?id=_V01DwAAQBAJ&printsec=frontcover&img=1&zoom=5&edge=curl&source=gbs_api', 'd ...', 28, '2017-02-07', NULL, 117, 2),
(184, 'Ring of the Nibelung Vol.1', 'http://books.google.com/books/content?id=qWoWCgAAQBAJ&printsec=frontcover&img=1&zoom=5&edge=curl&source=gbs_api', 'The masterpiece of Wagner\'s opera \"Ring of the Nibelung\" now comes as a Japanese comic! It is said that if one wears the ring made out of gold taken from the river of Rhine, one can rule the world. Only those who abandoned the joy of love can obtain the power to make the ring. Alberich who was reviled by the fairies of Rhine, cursed love itself and made the ring. The series is comprised in 4 volumes. ...', -1, '2002-07-15', 195, 118, 2),
(185, 'The Ring of The Nibelung', 'http://books.google.com/books/content?id=uqo1DwAAQBAJ&printsec=frontcover&img=1&zoom=5&edge=curl&source=gbs_api', 'd ...', 287, '2018-02-20', NULL, 117, 2),
(186, 'The Tenth Insight', 'http://books.google.com/books/content?id=sQE5AQAAQBAJ&printsec=frontcover&img=1&zoom=5&edge=curl&source=gbs_api', 'The adventure that began with The Celestine Prophecy continues as the action shifts to a wilderness in the American Southeast where the narrator\'s friend has disappeared. ...', 256, '2006-03-31', 197, 25, 2),
(187, 'Nature and Culture in the Iliad', 'http://books.google.com/books/content?id=OoMPwfGHO2MC&printsec=frontcover&img=1&zoom=5&edge=curl&source=gbs_api', 'By focusing on the story of Hector, James M. Redfield presents an imaginative perspective not only on the Iliad but also on the whole of Homeric culture. In an expansive discussion informed by a reinterpretation of Aristotle\'s Poetics and a reflection on the human meaning of narrative art, the analysis of Hector leads to an inquiry into the fundamental features of Homeric culture and of culture generally in its relation to nature. Through Hector, as the \"true tragic hero of the poem,\" the events and themes of the Iliad are understood and the function of tragedy within culture is examined. Redfield\'s work represents a significant application of anthropological perspectives to Homeric poetry. Originally published in 1975 (University of Chicago Press), this revised edition includes a new preface and concluding chapter by the author. ...', 340, '2003-09-11', 84, 120, 2),
(188, 'Au banquet de la nature', 'http://books.google.com/books/content?id=Tx2eAwAAQBAJ&printsec=frontcover&img=1&zoom=5&edge=curl&source=gbs_api', 'À l’origine d’une multitude de gestes et d’activités humaines, l’acte alimentaire — en tant que fait social total — imprime une marque profonde sur l’économie et les sociétés. À l’heure du village planétaire, ce livre incite le lecteur à scruter le système alimentaire mondial, promu par les multinationales de l’agrofourniture, de l’agroalimentaire ou de la grande distribution, mais aussi les modèles alternatifs, porté par le mouvement social, en vue de produire, d’échanger et de consommer des biens agricoles et alimentaires dans une perspective vertueuse. ...', 194, '2002-09-08', 200, 121, 0),
(189, 'La saga du sucre', 'http://books.google.com/books/content?id=Q4PiDwAAQBAJ&printsec=frontcover&img=1&zoom=5&edge=curl&source=gbs_api', 'Le sucre s’est imposé comme un produit d’un usage universel. Ce livre retrace son histoire, qui fut parfois dramatique. Mais le sucre a aussi une économie, un business, une géopolitique propre, impliquant de nombreux acteurs privés ou institutionnels, que l’auteur met en lumière. Ce livre explore le chemin, long et tortueux, qui mène des champs de canne et de betterave à sucre à la table des consommateurs. ...', 176, '2005-07-14', 201, 122, 0),
(190, 'Au banquet de la nature', 'http://books.google.com/books/content?id=OOciCwAAQBAJ&printsec=frontcover&img=1&zoom=5&edge=curl&source=gbs_api', 'L’acte alimentaire — en tant que fait social total — imprime une marque profonde sur l’économie et les sociétés. À l’heure du village planétaire, ce livre incite le lecteur à scruter le système alimentaire mondial, promu par les multinationales de l’agroalimentaire, mais aussi à examiner les modèles alternatifs visant à renouveler les façons de produire, d’échanger et de manger. L’auteur analyse ici les ressorts de la consommation alimentaire, dans ses dimensions culturelle, nutritionnelle et économique. Il définit les grands traits de l’agriculture mondiale et des échanges agroalimentaires, et retrace la trajectoire qui fut celle de l’agriculture hexagonale à travers l’histoire. Les politiques publiques, au service de la production agricole et de la sécurité alimentaire, sont également passées au crible. Chemin faisant, l’auteur met en exergue les questions de société qui font débat sur le sujet, qu’il s’agisse des désordres alimentaires du monde, de l’avenir des agrosystèmes ou  ...', 192, '2018-05-09', 200, 122, 0);
INSERT INTO `Book` (`id_book`, `title`, `cover`, `description`, `number_of_pages`, `acquiring_date`, `id_year`, `id_editor`, `id_language`) VALUES
(191, 'The Athenian Woman', 'http://books.google.com/books/content?id=jzCwGoWpksIC&printsec=frontcover&img=1&zoom=5&edge=curl&source=gbs_api', 'Sian Lewis considers the full range of female existence in classical Greece. Specific topics investigated include domestic labour, seclusion and relationships with men. ...', 282, '2012-12-11', 4, 123, 2),
(192, 'Les premiers entretiens de recrutement : les clés pour se démarquer et réussir. Concours, stages, emplois', 'http://books.google.com/books/content?id=KBtEEAAAQBAJ&printsec=frontcover&img=1&zoom=5&edge=curl&source=gbs_api', 'Cet ouvrage s’adresse à tous ceux qui doivent se présenter à des entretiens de recrutement pour la première fois : jeunes diplômés qui entrent sur le marché de l’emploi, étudiants qui postulent à un stage, à une poursuite d’études ou encore lycéens face à une épreuve orale de concours. Vous y trouverez des exercices pratiques, des conseils méthodologiques, des outils concrets, des astuces et des témoignages de professionnels. À partir d’exemples vécus, de tests, de QCM, ou encore des 50 questions les plus posées en entretien, vous pourrez acquérir des connaissances sur les méthodes de recrutement et les dernières tendances en la matière. Vous aiguiserez ainsi votre capacité à vous présenter, à argumenter, à interagir positivement avec le recruteur ou encore à négocier. Au-delà des recettes toutes faites, l’objectif de cet ouvrage est de vous faire prendre conscience des enjeux fondamentaux de l’entretien et de ses codes bien spécifiques. Il doit vous permettre de trouver, en vous, ...', 264, '2020-07-18', 53, 126, 0),
(193, 'Au piège du désir - La rivière des serments (Harlequin Passions)', 'http://books.google.com/books/content?id=uuAYLGJn54IC&printsec=frontcover&img=1&zoom=5&edge=curl&source=gbs_api', 'Au piège du désir, Peggy Webb En apprenant que le reporter Clint Garrett souhaite l\'interviewer, Crystal Jean sent une pointe d\'exaspération la gagner. Après tout il n\'y a rien de si extraordinaire au fait de postuler au titre de Reine de Beauté du Mississippi. Et si elle se présente, c\'est surtout pour faire plaisir à ses proches. Mais le jour de l\'entrevue, Crystal Jean perd brusquement toute son assurance. Car Clint est l\'homme le plus troublant qu\'elle ait jamais rencontré. Arrogant, sûr de lui, il la toise d\'un regard de prédateur. Un regard grâce auquel — elle en est persuadée - il a séduit des centaines d\'autres avant elle. Un regard auquel elle doit, elle va résister... La rivière des serments, Liz Flaherty Après vingt ans d\'absence, Micah Walker, l\'ex-mauvais garçon, est de retour à Taft, la ville de son enfance. Tout au long de la rivière Twilight, la rumeur enfle : Micah est devenu célèbre, il a fait fortune, il est plus solitaire, plus silencieux que jamais... Chacun r ...', 480, '2018-09-07', 205, 127, 0),
(194, 'L\'héritière apprivoisée - Une dette d\'honneur (Saga Lone Star Country Club 4)', 'http://books.google.com/books/content?id=6jSQ2-qqCsUC&printsec=frontcover&img=1&zoom=5&edge=curl&source=gbs_api', 'L\'héritière apprivoisée, Peggy Moreland Désespéré par les incartades de sa fille Fiona qui continue, à l\'âge adulte, à se conduire comme une adolescente irresponsable, Ford Carson a décidé de lui couper les vivres et de lui trouver un mari. A vrai dire, il a même quelqu\'un en vue. Non pas un de ces fils à papa que fréquente ordinairement Fiona, mais un homme, un vrai, volontaire, travailleur, auquel il est prêt à offrir une fortune s\'il réussit à « dresser » sa fille. Reste à trouver le moyen d\'inciter ces deux fortes têtes à accepter un mariage dont ils n\'ont nulle envie... Une dette d\'honneur, Allison Leigh Lorsqu\'il apprend que son ami Philipp Westin est porté disparu dans un petit pays d\'Amérique Latine, Tyler Murdoch n\'hésite pas une seconde, et part à sa recherche. Westin ne la-t-il pas lui-même déjà sauvé d\'une mort certaine ? Mais sa tâche s\'avère plus difficile que prévu. Car lorsqu\'il arrive au Mezcaya, Tyler découvre que la personne chargée de l\'aider dans son enquête e ...', 512, '2007-04-17', 207, 127, 0),
(195, 'Leonardo Da Vinci', 'http://books.google.com/books/content?id=vkA5DwAAQBAJ&printsec=frontcover&img=1&zoom=5&edge=curl&source=gbs_api', 'The #1 New York Times bestseller \"A powerful story of an exhilarating mind and life...a study in creativity: how to define it, how to achieve it.\" --The New Yorker \"Vigorous, insightful.\" --The Washington Post \"A masterpiece.\" --San Francisco Chronicle \"Luminous.\" --The Daily Beast He was history\'s most creative genius. What secrets can he teach us? The author of the acclaimed bestsellers Steve Jobs, Einstein, and Benjamin Franklin brings Leonardo da Vinci to life in this exciting new biography. Based on thousands of pages from Leonardo\'s astonishing notebooks and new discoveries about his life and work, Walter Isaacson weaves a narrative that connects his art to his science. He shows how Leonardo\'s genius was based on skills we can improve in ourselves, such as passionate curiosity, careful observation, and an imagination so playful that it flirted with fantasy. He produced the two most famous paintings in history, The Last Supper and the Mona Lisa. But in his own mind, he was ju ...', 624, '2009-06-10', 208, 59, 2),
(196, 'Léonard de Vinci', 'http://books.google.com/books/content?id=EbaCDwAAQBAJ&printsec=frontcover&img=1&zoom=5&edge=curl&source=gbs_api', 'Il a été le génie le plus créatif de l’histoire. Quels secrets peut-il encore nous apprendre? Léonard de Vinci était enfant illégitime, homosexuel, gaucher, végétarien, distrait et parfois hérétique. Cette inadéquation aux mœurs de l’époque a décuplé sa créativité. À travers les milliers de pages de ses carnets et les plus récentes découvertes des historiens, Walter Isaacson dépeint l’émergence de son génie, alimenté par une curiosité passionnée, une capacité d’observation de tous les instants et une imagination sans limites. La créativité de Léonard de Vinci trouve sa source à la croisée des sciences et de la technologie. Il a épluché la chair des cadavres, dessiné les muscles des lèvres, puis peint le plus mémorable sourire de l’Histoire sur La Joconde. Il a exploré les mathématiques de l’optique, montré comment les rayons lumineux frappent la rétine et produisent les perspectives changeantes de La Cène. Sa capacité à combiner l’art et la science reste, aujourd’hui encore, la re ...', 595, '2006-06-20', 209, 129, 0),
(197, 'Einstein', 'http://books.google.com/books/content?id=d2WZDgAAQBAJ&printsec=frontcover&img=1&zoom=5&edge=curl&source=gbs_api', 'From Isaacson, the bestselling author of \"Benjamin Franklin,\" comes the first full biography of Albert Einstein since all his papers have become available--a fully realized portrait of a premier icon of his era. ...', 704, '2013-03-03', 210, 59, 2),
(198, 'Kissinger', 'http://books.google.com/books/content?id=rDqcp3WtoqoC&printsec=frontcover&img=1&zoom=5&edge=curl&source=gbs_api', 'By the time Henry Kissinger was made secretary of state in 1973, he had become, according to the Gallup Poll, the most admired person in America and one of the most unlikely celebrities ever to capture the world\'s imagination. Yet Kissinger was also reviled by large segments of the American public, ranging from liberal intellectuals to conservative activists. Kissinger explores the relationship between this complex man\'s personality and the foreign policy he pursued. Drawing on extensive interviews with Kissinger as well as 150 other sources, including U.S. presidents and his business clients, this first full-length biography makes use of many of Kissinger\'s private papers and classified memos to tell his uniquely American story. The result is an intimate narrative, filled with surprising revelations, that takes this grandly colorful statesman from his childhood as a persecuted Jew in Nazi Germany, through his tortured relationship with Richard Nixon, to his later years as a globe ...', 896, '2000-06-05', 211, 59, 2),
(199, 'Steve Jobs', 'http://books.google.com/books/content?id=zIZGEAAAQBAJ&printsec=frontcover&img=1&zoom=5&edge=curl&source=gbs_api', 'Walter Isaacson’s “enthralling” (The New Yorker) worldwide bestselling biography of Apple cofounder Steve Jobs. Based on more than forty interviews with Steve Jobs conducted over two years—as well as interviews with more than 100 family members, friends, adversaries, competitors, and colleagues—Walter Isaacson has written a riveting story of the roller-coaster life and searingly intense personality of a creative entrepreneur whose passion for perfection and ferocious drive revolutionized six industries: personal computers, animated movies, music, phones, tablet computing, and digital publishing. At a time when America is seeking ways to sustain its innovative edge, Jobs stands as the ultimate icon of inventiveness and applied imagination. He knew that the best way to create value in 21st century was to connect creativity with technology. He built a company where leaps of the imagination were combined with remarkable feats of engineering. Although Jobs cooperated with the author, h ...', 672, '2015-05-30', 212, 59, 2),
(200, 'The Innovators', 'http://books.google.com/books/content?id=aFapBAAAQBAJ&printsec=frontcover&img=1&zoom=5&edge=curl&source=gbs_api', 'A revelatory history of the people who created the computer and the internet discusses the process through which innovation happens in the modern world, citing the pivotal contributions of such figures as programming pioneer Ada Lovelace. By the author of Steve Jobs. 500,000 first printing. ...', 560, '2009-01-24', 213, 59, 2),
(201, 'Steve Jobs', 'http://books.google.com/books/content?id=ZTnqygAACAAJ&printsec=frontcover&img=1&zoom=5&source=gbs_api', 'Suggéré par le créateur d\'Apple, qui fait face à une maladie redoutable, Steve Jobs, à partir de plus de quarante entretiens menés sur plus de deux ans et d\'interviews d\'une centaine de membres de sa famille, amis, rivaux, concurrents et collègues, le livre retrace l\'incroyable vie et l\'extraordinaire personnalité d\'un génie, perfectionniste et hyperactif, qui a révolutionné les ordinateurs, les films d\'animation, la musique, les téléphones, les tablettes tactiles et l\'édition numérique. Steve Jobs est désormais l\'icône absolue de l\'inventivité. Il a compris qu\'associer la créativité à la technologie était devenu essentiel. Steve Jobs a bien sûr collaboré au livre mais n\'a demandé aucun droit de regard sur ce qui est écrit, ni mème de le lire avant la publication. Il n\'a imposé aucune limite, au contraire, il a encouragé son entourage à parler librement. « Il y a beaucoup de choses dont je ne suis pas fier, dit-il, notamment la façon dont, à vingt-trois ans, j\'ai géré la situation ...', 667, '2004-12-15', 0, 130, 0),
(202, 'The Complete Fables of Jean de La Fontaine', 'http://books.google.com/books/content?id=hibRrS-YWHQC&printsec=frontcover&img=1&zoom=5&edge=curl&source=gbs_api', 'Charming and elegant, Jean de La Fontaine\'s (1621-1695) animal fables depict sly foxes and scheming cats, vain birds and greedy wolves, all of which subtly express his penetrating insights into French society and the beasts found in all of us. Norman R. Shapiro has been translating La Fontaine\'s fables for over twenty years, capturing the original works\' lively mix of plain and archaic language. This newly complete collection is destined to set the English standard for the oeuvre of one of the world\'s greatest fabulists. ...', 507, '2002-04-13', 214, 62, 2),
(203, 'Un regard sur Oudry', 'http://books.google.com/books/content?id=gypLAQAAIAAJ&printsec=frontcover&img=1&zoom=5&source=gbs_api', 'Cet ouvrage reproduit les deux cent soixante-quinze planches en couleurs composées par Jean-Baptiste Oudry, peintre du roi Louis XV et professeur à l\'Académie royale de peinture, pour illustrer la totalité des deux cent quarante-cinq Fables de La Fontaine. Crayonnées, gravées et rehaussées à la gouache et à l\'aquarelle, les gravures témoignent de la maîtrise de l\'artiste. Les scènes représentées captent les instants les plus significatifs du texte tout en offrant, à travers le dessin des paysages, des costumes et de l\'architecture, une fresque de la société de la fin du XVIIe siècle. De même, personne mieux qu\'Oudry n\'a su faire vivre les animaux, et ses compositions apportent aux Fables une dimension nouvelle : le peintre fait s\'animer les animaux comme le fabuliste les fait parler. ...', 634, '2012-10-29', 5, 131, 0),
(204, 'Jean de la Fontaine', 'http://books.google.com/books/content?id=TMHeyfvLB8wC&printsec=frontcover&img=1&zoom=5&edge=curl&source=gbs_api', 'd ...', 196, '2013-02-20', 21, 132, 0),
(205, 'Oeuvres de Jean de la Fontaine', 'http://books.google.com/books/content?id=pzBtCfhCVswC&printsec=frontcover&img=1&zoom=5&edge=curl&source=gbs_api', 'd ...', 614, '2006-11-23', 215, NULL, 0),
(206, 'Les particules élémentaires', 'http://books.google.com/books/content?id=NnZMEAAAQBAJ&printsec=frontcover&img=1&zoom=5&edge=curl&source=gbs_api', 'Michel, chercheur en biologie rigoureusement déterministe, incapable d\'aimer, gère le déclin de sa sexualité en se consacrant au travail, à son Monoprix et aux tranquillisants. Une année sabbatique donne à ses découvertes un tour qui bouleversera la face du monde. Bruno, de son côté, s\'acharne en une quête désespérée du plaisir sexuel. Un séjour au Lieu du Changement, camping post-soixante-huitard tendance new age, changera t-il sa vie ? Un soir, dans le jacuzzi, une inconnue à la bouche hardie lui fait entrevoir la possibilité pratique du bonheur. Par leur parcours familial et sentimental chaotique, les deux demi-frères illustrent de manière exemplaire le suicide occidental – à moins qu\'ils n\'annoncent l\'imminence d\'une mutation. ...', 364, '2000-10-07', 216, 94, 0),
(207, 'Extension du domaine de la lutte', 'http://books.google.com/books/content?id=PHZMEAAAQBAJ&printsec=frontcover&img=1&zoom=5&edge=curl&source=gbs_api', 'Voici l\'odyssée désenchantée d\'un informaticien entre deux âges, jouant son rôle en observant les mouvements humains et les banalités qui s\'échangent autour des machines à café. L\'installation d\'un progiciel en province lui permettra d\'étendre le champ de ses observations, d\'anéantir les dernières illusions d\'un collègue – obsédé malchanceux – et d\'élaborer une théorie complète du libéralisme, qu\'il soit économique ou sexuel. ...', 158, '2021-04-02', 216, 94, 0),
(208, 'Whatever', 'http://books.google.com/books/content?id=1pVOzwEACAAJ&printsec=frontcover&img=1&zoom=5&source=gbs_api', '\"Houellebecq captures precisely the cynical disillusionment of disaffected youth.\"?Booklist \"This boy needs serious therapy. He may be beyond help.\"?The Washington Post Just thirty, with a well-paid job, depression and no love life, the narrator and anti-hero par excellence of this grim, funny, and clever novel smokes four packs of cigarettes a day and writes weird animal stories in his spare time. A painfully realistic portrayal of the vanishing freedom of a world governed by science and by the empty rituals of daily life. Michel Houellebecq is a multi-award-winning French author. He currently lives in Spain. ...', 0, '2006-05-29', 0, 133, 2),
(209, 'The Elementary Particles', 'http://books.google.com/books/content?id=3SuPG9xA9EYC&printsec=frontcover&img=1&zoom=5&source=gbs_api', 'An international literary phenomenon, The Elementary Particles is a frighteningly original novel–part Marguerite Duras and part Bret Easton Ellis-that leaps headlong into the malaise of contemporary existence. Bruno and Michel are half-brothers abandoned by their mother, an unabashed devotee of the drugged-out free-love world of the sixties. Bruno, the older, has become a raucously promiscuous hedonist himself, while Michel is an emotionally dead molecular biologist wholly immersed in the solitude of his work. Each is ultimately offered a final chance at genuine love, and what unfolds is a brilliantly caustic and unpredictable tale. Translated from the French by Frank Wynne. ...', 274, '2001-07-16', 218, 134, 2),
(210, 'Platform', 'http://books.google.com/books/content?id=F_qZOts2zH8C&printsec=frontcover&img=1&zoom=5&edge=curl&source=gbs_api', 'Michel is a civil-servant at the Ministry of Culture. When his father is murdered, Michel takes a leave of absence to go on a package tour to Thailand. Infuriated by the shallow hypocrisy and mediocrity of his fellow travellers, only the awkward Valerie attracts his attention. Too bashful to pursue her, Michel prefers the uncomplicated pleasures of Thai massage parlours and sex with local women. Back in Paris, he calls Valerie and they plunge into a passionate affair, which strays into S&M, partner-swapping and sex in public. Michel quits his job, and tries to help Valerie and her boss, Jean-Yves, in their ailing travel business, by offering travel packages based on sex tourism in the third world. When their project comes to fruition and the three return to Thailand, Michel discovers that sex is neither the most consuming nor the most dangerous of human passions... ...', 368, '2014-07-17', 219, 135, 2),
(211, 'The Map and the Territory', 'http://books.google.com/books/content?id=4sml4d92k-gC&printsec=frontcover&img=1&zoom=5&source=gbs_api', 'The most celebrated and controversial French novelist of our time delivers a riveting masterpiece about art and money, love and friendship, and fathers and sons. Jed Martin is an artist. His first photographs feature Michelin road maps, and global success arrives with his series on professions: portraits of various personalities, including a writer named Houellebecq. Not long afterward, Jed helps a police inspector solve a heinous crime that leaves lasting marks on everyone involved. But after burying his father and growing old himself, Jed also discovers serenity, a deeply moving conclusion to a life of lovers, friends, and family, and filled with hopes, losses, and dreams. ...', 290, '2002-11-03', 220, 134, 2),
(212, 'Théâtre de Pierre Corneille: Biographie de Corneille. Étude sur les comédies. Édudes sur medée. Livres consultés et cités. Le Cid', 'http://books.google.com/books/content?id=kklNAQAAIAAJ&printsec=frontcover&img=1&zoom=5&edge=curl&source=gbs_api', 'd ...', -1, '2004-07-09', 221, NULL, 0),
(213, 'Pierre Corneille : Oeuvres complètes et annexes (annotées, illustrées)', 'http://books.google.com/books/content?id=7KONDwAAQBAJ&printsec=frontcover&img=1&zoom=5&edge=curl&source=gbs_api', 'Une édition numérique originale des oeuvres complètes de Pierre Corneille complétée de présentations, de notices, de centaines d’illustrations, près de 5000 notes et d’annexes biographiques. Elle regroupe l’intégralité des oeuvres de Corneille : ses oeuvres théâtrales, ses oeuvres en prose, ses oeuvres poétiques, sa correspondance, ses traductions. L\'ouvrage a été mis en forme spécifiquement pour une navigation et une lecture optimales sur votre liseuse. CONTENU DÉTAILLÉ : LES 34 oeuvres THÉÂTRALES : Mélite • Clitandre • La Veuve • La Galerie du Palais • La Suivante • La Place Royale • La Comédie des Tuileries par les cinq auteurs • Médée • L’illusion comique • Le Cid • Horace • Cinna • Polyeucte martyr • Pompée • Le Menteur • La Suite du Menteur • Rodogune • Théodore vierge et martyre • Héraclius • Andromède • Don Sanche d’Aragon • Nicomède • Pertharite, roi des Lombards • Œdipe • La Toison d’Or • Sertorius • Sophonisbe • Othon • Agésilas roi des Huns • Tite et Bérénice • Psyché  ...', -1, '2015-03-10', 7, 6, 0),
(214, 'Oeuvres de P. Corneille', 'http://books.google.com/books/content?id=PrIrAAAAMAAJ&printsec=frontcover&img=1&zoom=5&edge=curl&source=gbs_api', 'd ...', -1, '2002-02-27', 222, NULL, 0),
(215, 'Le théâtre de Pierre Corneille', 'http://books.google.com/books/content?id=2GI7prF_Z8wC&printsec=frontcover&img=1&zoom=5&edge=curl&source=gbs_api', 'd ...', 634, '2001-12-28', 223, NULL, 0),
(216, 'Le théâtre de Pierre Corneille: 1664. -638 p.; 2. 1664. -672 p.-XVIIp', 'http://books.google.com/books/content?id=QX2KqG5UgGQC&printsec=frontcover&img=1&zoom=5&edge=curl&source=gbs_api', 'd ...', 648, '2022-08-28', 224, NULL, 0),
(217, 'Œuvres diverses de Pierre Corneille', 'http://books.google.com/books/content?id=2AIGAAAAQAAJ&printsec=frontcover&img=1&zoom=5&edge=curl&source=gbs_api', 'd ...', 514, '2009-12-11', 225, NULL, 0),
(218, 'THÉATRE DE PIERRE CORNEILLE', 'http://books.google.com/books/content?id=IeI4LYHG1cwC&printsec=frontcover&img=1&zoom=5&edge=curl&source=gbs_api', 'd ...', 508, '2022-07-04', 226, NULL, 0),
(219, 'Oscar Wilde\'s Wit and Wisdom', 'http://books.google.com/books/content?id=hyDDAgAAQBAJ&printsec=frontcover&img=1&zoom=5&edge=curl&source=gbs_api', 'Amusing, thought-provoking epigrams, aphorisms, and other jests from the plays, essays, and lively conversation of Oscar Wilde offer a feast of humorous and profound quips. Nearly 400 quotes. ...', 64, '2003-09-15', 227, 136, 2),
(220, 'Le portrait de Dorian Gray', 'http://books.google.com/books/content?id=fNMrMQAACAAJ&printsec=frontcover&img=1&zoom=5&source=gbs_api', 'Par la magie d\'un vœu, Dorian Gray conserve la grâce et la beauté de la jeunesse. Seul son portrait vieillira. Le jeune dandy s\'adonne alors à toutes les expériences, s\'enivre de sensations et recherche les plaisirs secrets et raffinés. \" Les folies sont les seules choses qu\'on ne regrette jamais \", \" il faut guérir l\'âme par les sens, guérir les sens par l\'âme \". Oscar Wilde voulut libérer l\'homme en lui donnant comme modèle l\'artiste. Pour se réaliser, il doit rechercher le plaisir et la beauté, sous toutes ses formes, bien ou mal. L\'art n\'a rien à voir avec la morale. Dans une langue raffinée, l\'auteur remet en question la société, le mariage, la morale et l\'art. Ses propos sont incisifs et humoristiques. Ce livre scandalisa l\'Angleterre victorienne, Oscar Wilde fut mis en prison pour avoir vécu ce qu\'il écrivait. Au siècle suivant, Proust, Gide, Montherlant, Malraux ont contribué à la célébrité du génial écrivain. ...', 285, '2013-04-05', 3, 137, 0),
(221, 'Collins Complete Works of Oscar Wilde', 'http://books.google.com/books/content?id=9yjuAAAAMAAJ&printsec=frontcover&img=1&zoom=5&source=gbs_api', 'This authoritative single-volume edition of Oscar Wilde\'s works contains all of his plays, stories, essays, poems and \'The Picture of Dorian Gray\'. ...', 1302, '2019-06-20', 76, 138, 2),
(222, 'Collected Poems of Oscar Wilde', 'http://books.google.com/books/content?id=-2bO0I-lGvcC&printsec=frontcover&img=1&zoom=5&edge=curl&source=gbs_api', 'Oscar Wilde, glamorous and notorious, more famous as a playwright or prisoner than as a poet, invites readers of his verse to meet an unknown and intimate figure. ...', 228, '2012-04-06', 18, 17, 2),
(223, 'Oscar Wilde - The Major Works', 'http://books.google.com/books/content?id=nKcVDAAAQBAJ&printsec=frontcover&img=1&zoom=5&edge=curl&source=gbs_api', 'This book contains five stories by Irish author Oscar Wilde and are retold, with an introduction by Oscar Wilde\'s grandson. The book was edited by Merlin Holland. ...', 673, '2010-04-09', 88, 14, 2),
(224, 'The Plays of Oscar Wilde', 'http://books.google.com/books/content?id=6AakCJcec54C&printsec=frontcover&img=1&zoom=5&edge=curl&source=gbs_api', 'Oscar Wilde took London by storm with his first comedy, Lady Windermere\'s Fan. His other plays include: A Woman of No Importance and The Importance of Being Earnest. This work features Wilde\'s plays ranging from his early tragedy era to the controversial Salome and little known fragments, La Sainte Courtisane and A Florentine Tragedy. ...', 484, '2018-09-09', 18, 17, 2),
(225, 'The Complete Short Stories of Oscar Wilde', 'http://books.google.com/books/content?id=wDw1AwAAQBAJ&printsec=frontcover&img=1&zoom=5&edge=curl&source=gbs_api', 'This comprehensive collection showcases Oscar Wilde\'s brilliant storytelling skills and his amazing stylistic versatility, ranging from fairy tales and ghost stories to detective yarns and comedies of manners. It includes the complete texts of \"The Happy Prince and Other Tales,\" \"A House of Pomegranates,\" \"Lord Arthur Savile\'s Crime and Other Stories,\" \"Poems in Prose,\" and the critical essay \"The Portrait of Mr. W. H.\" Originally published in the late 1880s and early 1890s, these tales predate Wilde\'s fame as a dramatist. When he wrote them, he was best known among fashionable London society as a drawing-room raconteur. Many of the character types now familiar from his comedies first emerged in these stories, along with his gifted uses of parody, melodrama, paradox, and irony. Even more significantly, they reflect the author\'s preoccupation with opposites—idealistic love and desire, art and life, sincerity and artifice, innocence and sin, altruism and greed, and honesty and decei ...', 210, '2022-10-14', 228, 136, 2);

-- --------------------------------------------------------

--
-- Structure de la table `BooksLike`
--

CREATE TABLE `BooksLike` (
  `id_book` int(11) NOT NULL,
  `id_user` int(11) NOT NULL
) ENGINE=InnoDB DEFAULT CHARSET=utf8mb4 COLLATE=utf8mb4_unicode_ci;

--
-- Déchargement des données de la table `BooksLike`
--

INSERT INTO `BooksLike` (`id_book`, `id_user`) VALUES
(24, 21),
(34, 13),
(41, 72),
(43, 2),
(43, 3),
(43, 43),
(48, 79),
(50, 1),
(50, 3),
(51, 80),
(57, 50),
(58, 81),
(60, 81),
(63, 1),
(75, 13),
(85, 8),
(85, 35),
(95, 55),
(96, 8),
(105, 62),
(127, 68),
(150, 35),
(152, 35),
(182, 43);

-- --------------------------------------------------------

--
-- Structure de la table `Category`
--

CREATE TABLE `Category` (
  `id_category` int(11) NOT NULL,
  `label` varchar(255) COLLATE utf8mb4_unicode_ci NOT NULL
) ENGINE=InnoDB DEFAULT CHARSET=utf8mb4 COLLATE=utf8mb4_unicode_ci;

--
-- Déchargement des données de la table `Category`
--

INSERT INTO `Category` (`id_category`, `label`) VALUES
(14, 'Authors, French'),
(6, 'Biography & Autobiography'),
(13, 'Culture and law'),
(11, 'Faith and reason'),
(1, 'Fiction'),
(2, 'French drama'),
(8, 'History'),
(12, 'Literary Criticism'),
(4, 'Love stories'),
(3, 'Philosophy'),
(15, 'Pottery, Greek'),
(10, 'Psychology'),
(16, 'Reference'),
(5, 'Religion'),
(9, 'Science'),
(7, 'Social Science');

-- --------------------------------------------------------

--
-- Structure de la table `Editor`
--

CREATE TABLE `Editor` (
  `id_editor` int(11) NOT NULL,
  `label` varchar(255) COLLATE utf8mb4_unicode_ci NOT NULL
) ENGINE=InnoDB DEFAULT CHARSET=utf8mb4 COLLATE=utf8mb4_unicode_ci;

--
-- Déchargement des données de la table `Editor`
--

INSERT INTO `Editor` (`id_editor`, `label`) VALUES
(49, 'ACE BOOKS, INC.'),
(71, 'ALEXANDER DOWELD'),
(60, 'ALLYN & BACON'),
(96, 'ANCHOR'),
(6, 'ARVENSA EDITIONS'),
(69, 'ASTRA PUBLISHING HOUSE'),
(78, 'AUTHOR HOUSE'),
(37, 'BANTAM CLASSICS'),
(109, 'BASIC BOOKS'),
(117, 'BEAGLEE INC.'),
(70, 'BIOVERSITY INTERNATIONAL'),
(27, 'BLOOMSBURY CHILDREN\'S BOOKS'),
(104, 'BLOOMSBURY PUBLISHING'),
(9, 'BOD - BOOKS ON DEMAND'),
(101, 'BOD - BOOKS ON DEMAND FRANCE'),
(47, 'BRILL'),
(4, 'BUR'),
(8, 'BY LABEL AA-PROD/EDITS (ARTMUSICLITTE) 2015'),
(43, 'CALMANN-LÉVY'),
(86, 'CENGAGE LEARNING'),
(36, 'CHRISTIAN BOURGOIS ÉDITEUR'),
(138, 'COLLINS'),
(31, 'COMPANYÉDITION BELIN/GALLIMARD'),
(19, 'COMPRENDRE LA LITTÉRATURE'),
(136, 'COURIER CORPORATION'),
(118, 'CREEK ＆ RIVER CO., LTD'),
(58, 'CROSSROAD PRESS'),
(46, 'DARK HORSE COMICS'),
(32, 'DEL REY'),
(131, 'DIANE DE SELLIERS'),
(76, 'DORLING KINDERSLEY LTD'),
(89, 'DOUBLEDAY'),
(120, 'DUKE UNIVERSITY PRESS'),
(41, 'E-ARTNOW SRO'),
(124, 'EDINBURGH : EDINBURGH UNIVERSITY PRESS'),
(23, 'EDITIONS ALBIN MICHEL'),
(21, 'EDITIONS DE FALLOIS'),
(44, 'ÉDITIONS DE L\'ÉPÉE'),
(115, 'EDITIONS DE LA MARTINIÈRE'),
(125, 'ÉDITIONS DE LA SORBONNE'),
(42, 'EDITIONS DU SANDRE'),
(126, 'EDITIONS ELLIPSES'),
(0, 'EDITIONS GALLIMARD'),
(106, 'EDITIONS L\'HARMATTAN'),
(22, 'EDITIONS LES ARÈNES'),
(112, 'EDITIONS NIL'),
(121, 'EDITIONS QUAE'),
(129, 'EDITIONS QUANTO'),
(97, 'ÉDITIONS RIVAGES'),
(102, 'FAYARD'),
(75, 'FERNWOOD PUBLISHING'),
(128, 'FIRST'),
(94, 'FLAMMARION'),
(2, 'GALLIMARD EDUCATION'),
(26, 'GALLIMARD JEUNESSE'),
(107, 'GALLIMARD JEUNESSE GIBOULÉES'),
(110, 'GENÈVE : INSTITUT ET MUSÉE VOLTAIRE'),
(45, 'GLÉNAT MANGA'),
(18, 'GRASSET'),
(114, 'GRASSET & FASQUELLE'),
(61, 'HABERCI'),
(20, 'HACHETTE'),
(38, 'HACHETTE ÉDUCATION'),
(25, 'HACHETTE UK'),
(127, 'HARLEQUIN'),
(33, 'HARPERCOLLINS'),
(12, 'HARPERCOLLINS PUBLISHERS'),
(11, 'HARPERCOLLINS UK'),
(77, 'HMH'),
(50, 'HOLMAN BIBLE PUBLISHERS'),
(34, 'HOUGHTON MIFFLIN'),
(119, 'J\'AI LU'),
(83, 'JAMES LORIMER & COMPANY'),
(130, 'JEAN-CLAUDE LATTÈS'),
(67, 'JHU PRESS'),
(35, 'LE BÉLIAL'),
(28, 'LE LIVRE DE POCHE'),
(100, 'LES ÉDITIONS DU 38'),
(81, 'LEXINGTON BOOKS'),
(3, 'LGF/LE LIVRE DE POCHE'),
(111, 'LIBRAIRIE DROZ'),
(7, 'LIGRAM ÉDITIONS'),
(137, 'LIVRE DE POCHE'),
(1, 'LIVRE DE POCHE JEUNESSE (LE)'),
(64, 'LSU PRESS'),
(65, 'LULU PRESS, INC'),
(103, 'MÉDIA DIFFUSION'),
(80, 'MEREO BOOKS, MEREOBOOK, MEREOBOOKS'),
(105, 'MIMESIS'),
(40, 'MODERN LIBRARY'),
(16, 'NATIONAL GEOGRAPHIC BOOKS'),
(24, 'NORTH ATLANTIC BOOKS'),
(14, 'OXFORD UNIVERSITY PRESS'),
(72, 'PEARSON EDUCACIÓN'),
(92, 'PEETERS LEUVEN'),
(93, 'PEETERS PUBLISHERS'),
(5, 'PENGUIN'),
(91, 'PENGUIN (NON-CLASSICS)'),
(15, 'PENGUIN CLASSICS'),
(30, 'PENGUIN UK'),
(74, 'PERIGEE TRADE'),
(13, 'PRENTICE HALL'),
(95, 'PRESSES UNIVERSITAIRES DE RENNES'),
(51, 'PRINCETON UNIVERSITY PRESS'),
(123, 'PSYCHOLOGY PRESS'),
(99, 'PUBLICATIONS DE L’INSTITUT DE RECHERCHES HISTORIQUES DU SEPTENTRION'),
(122, 'QUAE'),
(90, 'RACE POINT PUB'),
(135, 'RANDOM HOUSE'),
(82, 'RIS INC'),
(88, 'ROBERT LAFFONT'),
(79, 'ROUTLEDGE'),
(39, 'ROWMAN & LITTLEFIELD'),
(55, 'RUTGERS UNIVERSITY PRESS'),
(133, 'SERPENT\'S TAIL CLASSICS'),
(116, 'SEUIL'),
(59, 'SIMON AND SCHUSTER'),
(68, 'SIMPLY CHARLY'),
(54, 'TEXAS A&M UNIVERSITY PRESS'),
(63, 'THOMAS NELSON'),
(66, 'THOMAS NELSON INC'),
(98, 'TOM POUSSE'),
(56, 'TRAFFORD PUBLISHING'),
(113, 'U OF MINNESOTA PRESS'),
(85, 'UNC PRESS BOOKS'),
(84, 'UNIV OF CALIFORNIA PRESS'),
(57, 'UNIVERSITY OF ARKANSAS PRESS'),
(108, 'UNIVERSITY OF CHICAGO PRESS'),
(87, 'UNIVERSITY OF HAWAII PRESS'),
(62, 'UNIVERSITY OF ILLINOIS PRESS'),
(52, 'UNIVERSITY PRESS OF KENTUCKY'),
(29, 'VIKING ADULT'),
(134, 'VINTAGE'),
(10, 'WILLIAM MORROW PAPERBACKS'),
(48, 'WIPF AND STOCK PUBLISHERS'),
(17, 'WORDSWORTH EDITIONS'),
(132, 'WWW.ACR-EDITION.COM'),
(73, 'XLIBRIS CORPORATION'),
(53, 'YALE UNIVERSITY PRESS');

-- --------------------------------------------------------

--
-- Structure de la table `isFriend`
--

CREATE TABLE `isFriend` (
  `id_user` int(11) NOT NULL,
  `id_user_1` int(11) NOT NULL
) ENGINE=InnoDB DEFAULT CHARSET=utf8mb4 COLLATE=utf8mb4_unicode_ci;

--
-- Déchargement des données de la table `isFriend`
--

INSERT INTO `isFriend` (`id_user`, `id_user_1`) VALUES
(0, 54),
(0, 72),
(0, 97),
(2, 58),
(4, 82),
(4, 91),
(5, 78),
(7, 66),
(10, 83),
(11, 62),
(11, 74),
(13, 70),
(13, 89),
(14, 84),
(15, 55),
(15, 67),
(16, 52),
(16, 70),
(17, 53),
(20, 50),
(21, 82),
(26, 59),
(27, 52),
(27, 80),
(27, 94),
(30, 56),
(30, 64),
(31, 65),
(31, 69),
(31, 76),
(32, 62),
(32, 67),
(36, 80),
(36, 98),
(37, 86),
(39, 52),
(39, 65),
(40, 54),
(41, 68),
(42, 64),
(42, 78),
(43, 52),
(43, 96),
(44, 76),
(45, 91),
(46, 52),
(46, 65),
(46, 94),
(49, 81),
(49, 97);

-- --------------------------------------------------------

--
-- Structure de la table `isWritten`
--

CREATE TABLE `isWritten` (
  `id_author` int(11) NOT NULL,
  `id_book` int(11) NOT NULL
) ENGINE=InnoDB DEFAULT CHARSET=utf8mb4 COLLATE=utf8mb4_unicode_ci;

--
-- Déchargement des données de la table `isWritten`
--

INSERT INTO `isWritten` (`id_author`, `id_book`) VALUES
(0, 0),
(0, 1),
(0, 2),
(0, 3),
(0, 4),
(1, 0),
(2, 5),
(2, 6),
(2, 10),
(4, 9),
(5, 9),
(7, 11),
(7, 12),
(7, 13),
(8, 14),
(8, 15),
(8, 16),
(8, 17),
(8, 18),
(9, 17),
(10, 18),
(12, 19),
(12, 20),
(12, 21),
(12, 22),
(18, 23),
(18, 25),
(18, 26),
(18, 27),
(18, 28),
(19, 24),
(20, 29),
(20, 30),
(20, 31),
(20, 32),
(21, 31),
(22, 33),
(23, 34),
(23, 35),
(23, 36),
(27, 37),
(27, 38),
(28, 38),
(29, 39),
(29, 40),
(29, 41),
(29, 42),
(29, 43),
(29, 96),
(29, 97),
(29, 98),
(29, 100),
(30, 44),
(30, 45),
(30, 46),
(30, 47),
(31, 48),
(31, 49),
(31, 50),
(31, 51),
(33, 52),
(33, 56),
(34, 53),
(34, 54),
(35, 55),
(36, 55),
(37, 55),
(38, 55),
(39, 57),
(40, 58),
(41, 58),
(42, 59),
(42, 60),
(42, 61),
(42, 62),
(42, 63),
(43, 63),
(44, 64),
(44, 65),
(44, 66),
(44, 68),
(44, 69),
(44, 70),
(45, 67),
(46, 71),
(46, 72),
(46, 73),
(46, 74),
(48, 75),
(48, 76),
(48, 77),
(50, 78),
(50, 79),
(50, 80),
(50, 81),
(50, 82),
(51, 78),
(52, 83),
(54, 84),
(55, 85),
(56, 86),
(57, 86),
(58, 87),
(59, 88),
(60, 89),
(61, 90),
(62, 91),
(63, 92),
(64, 93),
(65, 94),
(66, 95),
(67, 99),
(68, 101),
(69, 102),
(70, 103),
(70, 104),
(71, 105),
(71, 106),
(71, 108),
(71, 109),
(72, 107),
(72, 111),
(73, 110),
(74, 112),
(74, 115),
(75, 113),
(76, 114),
(77, 116),
(78, 116),
(79, 116),
(80, 117),
(81, 118),
(82, 119),
(82, 121),
(84, 120),
(86, 122),
(87, 123),
(88, 124),
(89, 125),
(90, 125),
(91, 125),
(92, 125),
(93, 125),
(94, 125),
(95, 125),
(96, 125),
(97, 125),
(98, 125),
(99, 125),
(100, 125),
(101, 125),
(102, 126),
(103, 127),
(104, 128),
(105, 128),
(106, 129),
(107, 130),
(108, 131),
(109, 131),
(110, 131),
(111, 131),
(112, 132),
(112, 133),
(113, 134),
(114, 135),
(115, 136),
(116, 137),
(117, 138),
(117, 141),
(118, 139),
(119, 140),
(120, 142),
(121, 143),
(121, 144),
(122, 144),
(123, 145),
(124, 146),
(125, 147),
(126, 147),
(127, 148),
(127, 149),
(127, 150),
(127, 151),
(127, 152),
(127, 153),
(128, 148),
(129, 150),
(130, 154),
(134, 155),
(135, 156),
(136, 157),
(136, 158),
(136, 159),
(137, 159),
(138, 159),
(139, 159),
(140, 159),
(141, 159),
(142, 160),
(143, 161),
(144, 162),
(145, 163),
(145, 164),
(145, 165),
(147, 166),
(147, 167),
(148, 168),
(149, 168),
(150, 168),
(151, 169),
(152, 169),
(153, 169),
(154, 169),
(155, 169),
(156, 169),
(157, 169),
(158, 169),
(159, 169),
(161, 170),
(161, 172),
(161, 173),
(161, 174),
(162, 171),
(163, 171),
(164, 174),
(165, 175),
(166, 175),
(167, 177),
(167, 178),
(167, 179),
(167, 180),
(168, 176),
(169, 181),
(169, 182),
(169, 183),
(169, 184),
(169, 185),
(172, 184),
(173, 186),
(174, 187),
(177, 188),
(177, 189),
(177, 190),
(178, 191),
(183, 192),
(184, 193),
(185, 193),
(187, 194),
(188, 194),
(189, 195),
(189, 196),
(189, 197),
(189, 198),
(189, 199),
(189, 200),
(189, 201),
(190, 202),
(191, 203),
(191, 205),
(194, 204),
(195, 206),
(195, 207),
(195, 208),
(195, 209),
(195, 210),
(195, 211),
(196, 212),
(196, 213),
(196, 214),
(196, 215),
(196, 216),
(196, 217),
(196, 218),
(197, 219),
(197, 220),
(197, 221),
(197, 222),
(197, 223),
(197, 224),
(197, 225),
(198, 221);

-- --------------------------------------------------------

--
-- Structure de la table `Languages`
--

CREATE TABLE `Languages` (
  `id_language` int(11) NOT NULL,
  `label` varchar(255) COLLATE utf8mb4_unicode_ci NOT NULL
) ENGINE=InnoDB DEFAULT CHARSET=utf8mb4 COLLATE=utf8mb4_unicode_ci;

--
-- Déchargement des données de la table `Languages`
--

INSERT INTO `Languages` (`id_language`, `label`) VALUES
(4, 'de'),
(2, 'en'),
(7, 'es'),
(0, 'fr'),
(1, 'it'),
(6, 'nl'),
(8, 'pt-BR'),
(3, 'sv'),
(5, 'tr');

-- --------------------------------------------------------

--
-- Structure de la table `Loan`
--

CREATE TABLE `Loan` (
  `id_loan` int(11) NOT NULL,
  `loan_date` date NOT NULL,
  `return_date` date DEFAULT NULL,
  `id_user` int(11) NOT NULL,
  `id_book` int(11) NOT NULL
) ENGINE=InnoDB DEFAULT CHARSET=utf8mb4 COLLATE=utf8mb4_unicode_ci;

--
-- Déchargement des données de la table `Loan`
--

INSERT INTO `Loan` (`id_loan`, `loan_date`, `return_date`, `id_user`, `id_book`) VALUES
(1, '2022-03-08', '2022-03-10', 5, 5),
(2, '2023-03-08', '2023-03-10', 5, 5),
(3, '2022-04-10', '2022-04-15', 1, 50),
(4, '2023-01-08', '2023-03-10', 1, 55),
(5, '2023-03-01', '2023-02-20', 23, 50),
(6, '2022-03-08', '2022-03-10', 56, 23),
(7, '2023-01-01', '2023-01-10', 56, 52),
(8, '2022-06-18', '2022-07-10', 97, 100),
(9, '2022-06-18', '2022-07-10', 97, 101),
(10, '2022-06-18', '2022-07-10', 97, 102),
(11, '2023-03-10', '2023-03-11', 7, 35),
(12, '2022-11-11', '2022-12-12', 9, 63),
(13, '2022-03-08', '2022-03-10', 72, 180),
(14, '2022-02-03', '2022-02-06', 3, 2),
(15, '2022-09-09', '2022-11-08', 50, 36),
(16, '2022-11-08', '2022-12-10', 50, 41),
(17, '2022-12-10', '2023-01-08', 50, 14),
(18, '2023-01-08', '2023-03-09', 50, 189),
(19, '2023-03-09', '2023-03-23', 50, 195),
(20, '2023-03-23', NULL, 50, 28);

-- --------------------------------------------------------

--
-- Structure de la table `PublishedYear`
--

CREATE TABLE `PublishedYear` (
  `id_year` int(11) NOT NULL,
  `published_year` varchar(50) COLLATE utf8mb4_unicode_ci NOT NULL
) ENGINE=InnoDB DEFAULT CHARSET=utf8mb4 COLLATE=utf8mb4_unicode_ci;

--
-- Déchargement des données de la table `PublishedYear`
--

INSERT INTO `PublishedYear` (`id_year`, `published_year`) VALUES
(224, '1664'),
(225, '1738'),
(223, '1740'),
(226, '1764'),
(222, '1817'),
(115, '1848'),
(140, '1882'),
(136, '1884'),
(144, '1885'),
(221, '1886'),
(142, '1888'),
(215, '1892'),
(180, '1905'),
(181, '1921'),
(133, '1938-05-01'),
(132, '1952'),
(19, '1955'),
(130, '1964-11-01'),
(114, '1968'),
(138, '1969'),
(33, '1970'),
(117, '1972'),
(134, '1973'),
(131, '1974'),
(161, '1977'),
(119, '1977-01-01'),
(191, '1979'),
(188, '1979-06-29'),
(30, '1981'),
(31, '1982'),
(156, '1983-01'),
(159, '1984-08-15'),
(202, '1985'),
(189, '1985-02-05'),
(51, '1986'),
(64, '1986-11-12'),
(34, '1987'),
(82, '1988'),
(99, '1989'),
(154, '1990'),
(39, '1991'),
(27, '1992'),
(148, '1993'),
(73, '1993-05-01'),
(84, '1994'),
(21, '1995'),
(38, '1996'),
(80, '1996-12-16'),
(129, '1997'),
(178, '1998'),
(77, '1998-06-23'),
(25, '1998-07-01'),
(16, '1999'),
(85, '1999-01'),
(135, '1999-04'),
(18, '2000'),
(52, '2000-01-01'),
(61, '2000-06-29'),
(179, '2000-11'),
(3, '2001'),
(59, '2001-02-22'),
(123, '2001-03-20'),
(218, '2001-11-13'),
(4, '2002'),
(106, '2002-01-01'),
(71, '2002-05-01'),
(40, '2002-05-28'),
(151, '2002-06-03'),
(199, '2002-10-23'),
(76, '2003'),
(196, '2003-12-01'),
(35, '2004'),
(6, '2004-05-25'),
(75, '2004-07-15'),
(198, '2004-10'),
(20, '2005'),
(48, '2005-01-01'),
(192, '2005-11'),
(15, '2005-11-16'),
(50, '2006'),
(113, '2006-01-02'),
(112, '2006-04-10'),
(105, '2006-05-19'),
(158, '2006-07-27'),
(228, '2006-09-08'),
(5, '2007'),
(83, '2007-04'),
(120, '2007-04-01'),
(98, '2007-04-30'),
(214, '2007-10-15'),
(207, '2008-03-15'),
(126, '2008-04-14'),
(88, '2008-04-17'),
(205, '2008-05-01'),
(24, '2008-05-08'),
(116, '2009'),
(91, '2009-02-11'),
(2, '2009-03-01'),
(63, '2009-07-28'),
(28, '2009-09-16'),
(176, '2009-11-05'),
(197, '2009-11-29'),
(183, '2010'),
(137, '2010-05-07'),
(172, '2010-12-28'),
(0, '2011'),
(122, '2011-02-15'),
(157, '2011-03-30'),
(93, '2011-06-29'),
(173, '2011-09-21'),
(26, '2011-11'),
(23, '2012'),
(186, '2012-01-04'),
(227, '2012-03-01'),
(110, '2012-04-24'),
(127, '2012-08-16'),
(14, '2012-09-11'),
(103, '2012-09-16'),
(41, '2012-09-27'),
(70, '2012-10-03'),
(193, '2012-10-05'),
(220, '2012-11-13'),
(87, '2013'),
(62, '2013-01-15'),
(206, '2013-01-24'),
(49, '2013-01-29'),
(139, '2013-03-01T00:00:00Z'),
(194, '2013-03-07'),
(79, '2013-03-27'),
(211, '2013-05-21'),
(121, '2013-07-26'),
(54, '2013-08-15'),
(149, '2013-09-05'),
(145, '2013-12'),
(177, '2014'),
(9, '2014-01-02'),
(8, '2014-01-05'),
(175, '2014-01-08'),
(171, '2014-02-04'),
(22, '2014-02-10'),
(160, '2014-02-15'),
(200, '2014-03-24'),
(187, '2014-04-01'),
(1, '2014-08-13'),
(13, '2014-08-20'),
(182, '2014-10-02'),
(213, '2014-10-07'),
(67, '2014-10-23'),
(143, '2014-11-04'),
(36, '2014-11-24'),
(17, '2015'),
(165, '2015-02-25'),
(72, '2015-03-25'),
(90, '2015-03-26'),
(43, '2015-04-14'),
(118, '2015-05-05'),
(195, '2015-05-28'),
(185, '2015-06-25'),
(153, '2015-07-06'),
(78, '2015-09-14'),
(101, '2015-11-17'),
(11, '2016'),
(94, '2016-03-08'),
(109, '2016-06-11'),
(174, '2016-07-25'),
(60, '2016-08-05'),
(219, '2016-09-01'),
(152, '2016-09-02'),
(81, '2016-09-21'),
(155, '2016-09-30'),
(108, '2016-10-01'),
(44, '2016-10-14'),
(146, '2016-11-10'),
(46, '2016-11-18'),
(147, '2016-12-14'),
(217, '2017-01'),
(89, '2017-01-05'),
(170, '2017-01-19'),
(69, '2017-02-02'),
(210, '2017-04-11'),
(184, '2017-08-31'),
(111, '2017-09-05'),
(57, '2017-10-03'),
(150, '2017-10-06'),
(208, '2017-10-17'),
(203, '2018'),
(209, '2018-03-07'),
(168, '2018-05-14'),
(100, '2018-07-19'),
(190, '2018-10-29'),
(102, '2018-12-01'),
(204, '2019-01-24'),
(7, '2019-03-18'),
(141, '2019-04-04'),
(37, '2019-04-30'),
(162, '2019-05-15T00:00:00+02:00'),
(166, '2019-06-25'),
(107, '2019-12-10'),
(104, '2020-03-16'),
(169, '2020-05-06'),
(86, '2020-05-26'),
(201, '2020-05-28'),
(55, '2020-06-02'),
(10, '2020-06-19'),
(53, '2020-08-25'),
(66, '2020-10-06'),
(45, '2020-11-10'),
(47, '2021'),
(124, '2021-01-03'),
(58, '2021-02-10'),
(29, '2021-03'),
(167, '2021-04-07T00:00:00+02:00'),
(32, '2021-05'),
(125, '2021-06-01'),
(56, '2021-08-26'),
(65, '2021-09-02'),
(128, '2021-09-28'),
(212, '2021-10-05'),
(42, '2021-10-12'),
(216, '2021-11-17T00:00:00+01:00'),
(74, '2021-11-30'),
(164, '2022'),
(97, '2022-03-08'),
(163, '2022-04-20T00:00:00+02:00'),
(92, '2022-07-06'),
(68, '2022-09-01'),
(95, '2022-12-06'),
(12, '2023-02-02'),
(96, '2023-03-21');

--
-- Index pour les tables déchargées
--

--
-- Index pour la table `Author`
--
ALTER TABLE `Author`
  ADD PRIMARY KEY (`id_author`);

--
-- Index pour la table `belongs`
--
ALTER TABLE `belongs`
  ADD PRIMARY KEY (`id_book`,`id_category`),
  ADD KEY `id_category` (`id_category`);

--
-- Index pour la table `BiblioUser`
--
ALTER TABLE `BiblioUser`
  ADD PRIMARY KEY (`id_user`);

--
-- Index pour la table `Book`
--
ALTER TABLE `Book`
  ADD PRIMARY KEY (`id_book`),
  ADD KEY `id_year` (`id_year`),
  ADD KEY `id_editor` (`id_editor`),
  ADD KEY `id_language` (`id_language`);

--
-- Index pour la table `BooksLike`
--
ALTER TABLE `BooksLike`
  ADD PRIMARY KEY (`id_book`,`id_user`),
  ADD KEY `id_user` (`id_user`);

--
-- Index pour la table `Category`
--
ALTER TABLE `Category`
  ADD PRIMARY KEY (`id_category`),
  ADD UNIQUE KEY `label` (`label`);

--
-- Index pour la table `Editor`
--
ALTER TABLE `Editor`
  ADD PRIMARY KEY (`id_editor`),
  ADD UNIQUE KEY `label` (`label`);

--
-- Index pour la table `isFriend`
--
ALTER TABLE `isFriend`
  ADD PRIMARY KEY (`id_user`,`id_user_1`),
  ADD KEY `id_user_1` (`id_user_1`);

--
-- Index pour la table `isWritten`
--
ALTER TABLE `isWritten`
  ADD PRIMARY KEY (`id_author`,`id_book`),
  ADD KEY `id_book` (`id_book`);

--
-- Index pour la table `Languages`
--
ALTER TABLE `Languages`
  ADD PRIMARY KEY (`id_language`),
  ADD UNIQUE KEY `label` (`label`);

--
-- Index pour la table `Loan`
--
ALTER TABLE `Loan`
  ADD PRIMARY KEY (`id_loan`),
  ADD KEY `id_user` (`id_user`),
  ADD KEY `id_book` (`id_book`);

--
-- Index pour la table `PublishedYear`
--
ALTER TABLE `PublishedYear`
  ADD PRIMARY KEY (`id_year`),
  ADD UNIQUE KEY `published_year` (`published_year`);

--
-- Contraintes pour les tables déchargées
--

--
-- Contraintes pour la table `belongs`
--
ALTER TABLE `belongs`
  ADD CONSTRAINT `belongs_ibfk_1` FOREIGN KEY (`id_book`) REFERENCES `Book` (`id_book`),
  ADD CONSTRAINT `belongs_ibfk_2` FOREIGN KEY (`id_category`) REFERENCES `Category` (`id_category`);

--
-- Contraintes pour la table `Book`
--
ALTER TABLE `Book`
  ADD CONSTRAINT `Book_ibfk_1` FOREIGN KEY (`id_year`) REFERENCES `PublishedYear` (`id_year`),
  ADD CONSTRAINT `Book_ibfk_2` FOREIGN KEY (`id_editor`) REFERENCES `Editor` (`id_editor`),
  ADD CONSTRAINT `Book_ibfk_3` FOREIGN KEY (`id_language`) REFERENCES `Languages` (`id_language`);

--
-- Contraintes pour la table `BooksLike`
--
ALTER TABLE `BooksLike`
  ADD CONSTRAINT `BooksLike_ibfk_1` FOREIGN KEY (`id_book`) REFERENCES `Book` (`id_book`),
  ADD CONSTRAINT `BooksLike_ibfk_2` FOREIGN KEY (`id_user`) REFERENCES `BiblioUser` (`id_user`);

--
-- Contraintes pour la table `isFriend`
--
ALTER TABLE `isFriend`
  ADD CONSTRAINT `isFriend_ibfk_1` FOREIGN KEY (`id_user`) REFERENCES `BiblioUser` (`id_user`),
  ADD CONSTRAINT `isFriend_ibfk_2` FOREIGN KEY (`id_user_1`) REFERENCES `BiblioUser` (`id_user`);

--
-- Contraintes pour la table `isWritten`
--
ALTER TABLE `isWritten`
  ADD CONSTRAINT `isWritten_ibfk_1` FOREIGN KEY (`id_author`) REFERENCES `Author` (`id_author`),
  ADD CONSTRAINT `isWritten_ibfk_2` FOREIGN KEY (`id_book`) REFERENCES `Book` (`id_book`);

--
-- Contraintes pour la table `Loan`
--
ALTER TABLE `Loan`
  ADD CONSTRAINT `Loan_ibfk_1` FOREIGN KEY (`id_user`) REFERENCES `BiblioUser` (`id_user`),
  ADD CONSTRAINT `Loan_ibfk_2` FOREIGN KEY (`id_book`) REFERENCES `Book` (`id_book`);
COMMIT;

/*!40101 SET CHARACTER_SET_CLIENT=@OLD_CHARACTER_SET_CLIENT */;
/*!40101 SET CHARACTER_SET_RESULTS=@OLD_CHARACTER_SET_RESULTS */;
/*!40101 SET COLLATION_CONNECTION=@OLD_COLLATION_CONNECTION */;
